Date,Region,Product,Category,Quantity,Unit Price,Sales,Profit
2024-01-01,North,Monitor,Accessories,8,918.05,7344.44,653.69
2024-01-01,South,Tablet,Electronics,7,134.22,939.55,250.43
2024-01-01,East,Monitor,Accessories,8,1076.71,8613.64,475.01
2024-01-01,West,Smartphone,Electronics,8,1257.04,10056.33,1036.66
2024-01-02,North,Monitor,Accessories,5,945.35,4726.74,959.12
2024-01-02,South,Keyboard,Accessories,9,472.28,4250.54,862.7
2024-01-02,East,Smartphone,Electronics,3,604.57,1813.71,536.51
2024-01-02,West,Laptop,Electronics,3,1296.91,3890.74,856.26
2024-01-03,North,Laptop,Electronics,7,69.23,484.64,138.39
2024-01-03,South,Mouse,Accessories,2,608.85,1217.71,65.75
2024-01-03,East,Smartphone,Electronics,4,399.49,1597.95,352.85
2024-01-03,West,Monitor,Accessories,8,99.86,798.91,221.56
2024-01-04,North,Monitor,Accessories,2,1010.66,2021.31,258.58
2024-01-04,South,Mouse,Accessories,6,842.73,5056.38,486.49
2024-01-04,East,Smartphone,Electronics,2,622.97,1245.94,350.94
2024-01-04,West,Mouse,Accessories,7,805.21,5636.47,1636.23
2024-01-05,North,Keyboard,Accessories,2,832.55,1665.11,327.51
2024-01-05,South,Laptop,Electronics,9,479.6,4316.37,394.16
2024-01-05,East,Laptop,Electronics,7,663.93,4647.53,691.18
2024-01-05,West,Tablet,Electronics,3,1074.94,3224.83,748.97
2024-01-06,North,Laptop,Electronics,5,1393.14,6965.68,1482.08
2024-01-06,South,Monitor,Accessories,7,1282.56,8977.89,1457.67
2024-01-06,East,Laptop,Electronics,7,500.92,3506.47,460.38
2024-01-06,West,Tablet,Electronics,8,448.35,3586.77,682.6
2024-01-07,North,Tablet,Electronics,5,1458.98,7294.91,1912.93
2024-01-07,South,Keyboard,Accessories,7,1167.9,8175.32,1418.0
2024-01-07,East,Laptop,Electronics,3,95.57,286.72,59.95
2024-01-07,West,Monitor,Accessories,4,1365.97,5463.89,613.72
2024-01-08,North,Keyboard,Accessories,4,1417.14,5668.55,1132.1
2024-01-08,South,Tablet,Electronics,6,1326.68,7960.07,1640.48
2024-01-08,East,Mouse,Accessories,9,202.97,1826.7,299.82
2024-01-08,West,Monitor,Accessories,4,1344.21,5376.84,993.83
2024-01-09,North,Smartphone,Electronics,7,1349.33,9445.33,1223.18
2024-01-09,South,Laptop,Electronics,1,380.51,380.51,59.65
2024-01-09,East,Monitor,Accessories,9,491.93,4427.4,403.62
2024-01-09,West,Tablet,Electronics,9,753.0,6777.03,1512.02
2024-01-10,North,Smartphone,Electronics,8,1417.22,11337.75,1482.99
2024-01-10,South,Laptop,Electronics,4,577.26,2309.05,676.43
2024-01-10,East,Monitor,Accessories,7,771.01,5397.07,675.82
2024-01-10,West,Laptop,Electronics,8,103.49,827.89,167.56
2024-01-11,North,Smartphone,Electronics,6,97.92,587.54,80.06
2024-01-11,South,Laptop,Electronics,3,1037.02,3111.07,568.5
2024-01-11,East,Smartphone,Electronics,6,400.98,2405.88,524.56
2024-01-11,West,Tablet,Electronics,8,394.57,3156.6,732.5
2024-01-12,North,Keyboard,Accessories,4,1475.96,5903.85,883.84
2024-01-12,South,Laptop,Electronics,9,515.13,4636.18,447.99
2024-01-12,East,Keyboard,Accessories,3,906.79,2720.38,596.83
2024-01-12,West,Tablet,Electronics,3,1223.78,3671.33,503.58
2024-01-13,North,Monitor,Accessories,9,1051.86,9466.74,1388.62
2024-01-13,South,Smartphone,Electronics,8,249.41,1995.24,269.89
2024-01-13,East,Laptop,Electronics,2,1390.81,2781.61,749.18
2024-01-13,West,Tablet,Electronics,7,1006.98,7048.84,1792.56
2024-01-14,North,Laptop,Electronics,4,817.99,3271.97,361.43
2024-01-14,South,Mouse,Accessories,5,1355.61,6778.03,1411.7
2024-01-14,East,Laptop,Electronics,9,556.35,5007.18,1159.11
2024-01-14,West,Tablet,Electronics,4,1336.28,5345.1,1309.38
2024-01-15,North,Monitor,Accessories,1,284.36,284.36,78.1
2024-01-15,South,Monitor,Accessories,3,589.81,1769.43,504.35
2024-01-15,East,Laptop,Electronics,2,283.17,566.34,106.01
2024-01-15,West,Mouse,Accessories,3,995.34,2986.03,316.72
2024-01-16,North,Laptop,Electronics,4,394.01,1576.04,207.01
2024-01-16,South,Monitor,Accessories,8,991.97,7935.74,2081.59
2024-01-16,East,Laptop,Electronics,1,836.68,836.68,148.26
2024-01-16,West,Mouse,Accessories,7,413.17,2892.19,571.11
2024-01-17,North,Mouse,Accessories,3,1343.47,4030.4,837.46
2024-01-17,South,Smartphone,Electronics,5,778.82,3894.12,756.34
2024-01-17,East,Laptop,Electronics,5,383.77,1918.84,335.41
2024-01-17,West,Monitor,Accessories,3,1164.4,3493.21,212.74
2024-01-18,North,Monitor,Accessories,5,1331.07,6655.33,1576.85
2024-01-18,South,Keyboard,Accessories,8,529.59,4236.7,797.31
2024-01-18,East,Tablet,Electronics,1,159.25,159.25,20.13
2024-01-18,West,Laptop,Electronics,3,295.76,887.29,167.88
2024-01-19,North,Mouse,Accessories,3,876.59,2629.77,195.38
2024-01-19,South,Mouse,Accessories,7,253.12,1771.85,318.19
2024-01-19,East,Smartphone,Electronics,1,1280.57,1280.57,107.77
2024-01-19,West,Mouse,Accessories,7,475.71,3329.96,840.28
2024-01-20,North,Tablet,Electronics,2,1307.25,2614.51,727.64
2024-01-20,South,Smartphone,Electronics,7,777.2,5440.39,1357.78
2024-01-20,East,Laptop,Electronics,8,1067.85,8542.82,2126.72
2024-01-20,West,Monitor,Accessories,3,540.09,1620.28,233.15
2024-01-21,North,Smartphone,Electronics,7,1024.44,7171.07,946.85
2024-01-21,South,Smartphone,Electronics,6,906.71,5440.25,313.49
2024-01-21,East,Monitor,Accessories,6,489.73,2938.41,541.46
2024-01-21,West,Keyboard,Accessories,1,1250.41,1250.41,147.41
2024-01-22,North,Monitor,Accessories,5,713.03,3565.17,928.75
2024-01-22,South,Monitor,Accessories,3,974.27,2922.82,676.7
2024-01-22,East,Keyboard,Accessories,2,798.64,1597.27,208.83
2024-01-22,West,Laptop,Electronics,8,442.71,3541.65,565.75
2024-01-23,North,Smartphone,Electronics,5,317.28,1586.42,111.4
2024-01-23,South,Laptop,Electronics,5,134.38,671.9,187.33
2024-01-23,East,Smartphone,Electronics,6,1086.16,6516.98,1401.47
2024-01-23,West,Keyboard,Accessories,1,1434.55,1434.55,336.37
2024-01-24,North,Keyboard,Accessories,6,1108.56,6651.34,411.91
2024-01-24,South,Smartphone,Electronics,3,1148.88,3446.63,184.73
2024-01-24,East,Mouse,Accessories,5,186.53,932.64,119.24
2024-01-24,West,Mouse,Accessories,4,304.23,1216.92,66.07
2024-01-25,North,Smartphone,Electronics,5,736.53,3682.67,343.59
2024-01-25,South,Mouse,Accessories,5,627.83,3139.16,640.27
2024-01-25,East,Keyboard,Accessories,4,115.69,462.76,66.48
2024-01-25,West,Smartphone,Electronics,3,779.55,2338.64,617.69
2024-01-26,North,Keyboard,Accessories,4,942.98,3771.94,1078.67
2024-01-26,South,Smartphone,Electronics,1,1307.44,1307.44,273.39
2024-01-26,East,Monitor,Accessories,8,1031.89,8255.15,1596.07
2024-01-26,West,Laptop,Electronics,1,1226.25,1226.25,312.89
2024-01-27,North,Monitor,Accessories,3,1239.62,3718.86,791.64
2024-01-27,South,Tablet,Electronics,2,106.5,212.99,43.57
2024-01-27,East,Laptop,Electronics,8,608.83,4870.6,1073.5
2024-01-27,West,Mouse,Accessories,2,428.01,856.01,148.95
2024-01-28,North,Smartphone,Electronics,5,555.09,2775.44,788.67
2024-01-28,South,Monitor,Accessories,9,1215.05,10935.43,1317.81
2024-01-28,East,Smartphone,Electronics,5,1138.39,5691.96,1432.71
2024-01-28,West,Laptop,Electronics,3,648.3,1944.89,278.13
2024-01-29,North,Mouse,Accessories,5,395.97,1979.83,435.49
2024-01-29,South,Laptop,Electronics,3,199.53,598.59,164.99
2024-01-29,East,Mouse,Accessories,4,1248.36,4993.45,649.21
2024-01-29,West,Tablet,Electronics,3,614.34,1843.03,97.14
2024-01-30,North,Laptop,Electronics,3,182.37,547.1,71.03
2024-01-30,South,Mouse,Accessories,4,881.48,3525.94,733.25
2024-01-30,East,Keyboard,Accessories,5,475.16,2375.78,314.0
2024-01-30,West,Tablet,Electronics,5,1140.94,5704.72,1414.17
2024-01-31,North,Laptop,Electronics,7,182.25,1275.74,221.48
2024-01-31,South,Mouse,Accessories,5,1118.7,5593.51,1043.07
2024-01-31,East,Tablet,Electronics,2,1454.55,2909.09,645.84
2024-01-31,West,Smartphone,Electronics,1,196.63,196.63,13.97
2024-02-01,North,Keyboard,Accessories,8,155.51,1244.05,317.81
2024-02-01,South,Smartphone,Electronics,2,167.96,335.91,23.92
2024-02-01,East,Tablet,Electronics,8,592.69,4741.54,676.43
2024-02-01,West,Monitor,Accessories,1,1423.51,1423.51,422.07
2024-02-02,North,Monitor,Accessories,4,595.58,2382.31,168.85
2024-02-02,South,Keyboard,Accessories,6,1072.37,6434.23,721.8
2024-02-02,East,Tablet,Electronics,7,679.96,4759.69,539.85
2024-02-02,West,Smartphone,Electronics,4,222.29,889.14,70.58
2024-02-03,North,Laptop,Electronics,7,1131.77,7922.36,1551.53
2024-02-03,South,Mouse,Accessories,9,593.56,5342.06,648.68
2024-02-03,East,Laptop,Electronics,6,682.69,4096.12,1026.19
2024-02-03,West,Keyboard,Accessories,5,112.93,564.66,158.76
2024-02-04,North,Monitor,Accessories,5,416.84,2084.18,466.55
2024-02-04,South,Laptop,Electronics,2,291.01,582.02,60.65
2024-02-04,East,Laptop,Electronics,5,1060.54,5302.71,774.46
2024-02-04,West,Laptop,Electronics,8,622.06,4976.45,381.64
2024-02-05,North,Keyboard,Accessories,8,296.04,2368.29,501.39
2024-02-05,South,Smartphone,Electronics,2,435.61,871.22,122.05
2024-02-05,East,Monitor,Accessories,6,96.86,581.15,69.7
2024-02-05,West,Keyboard,Accessories,4,924.03,3696.13,435.18
2024-02-06,North,Keyboard,Accessories,3,1242.68,3728.04,1071.62
2024-02-06,South,Keyboard,Accessories,9,656.45,5908.07,1673.06
2024-02-06,East,Smartphone,Electronics,5,88.23,441.16,63.58
2024-02-06,West,Laptop,Electronics,2,1481.55,2963.1,259.58
2024-02-07,North,Keyboard,Accessories,9,1456.38,13107.38,3414.86
2024-02-07,South,Keyboard,Accessories,1,729.61,729.61,112.14
2024-02-07,East,Laptop,Electronics,5,131.74,658.72,175.34
2024-02-07,West,Laptop,Electronics,5,1499.59,7497.95,2243.08
2024-02-08,North,Keyboard,Accessories,7,1165.03,8155.22,2333.95
2024-02-08,South,Smartphone,Electronics,3,408.65,1225.96,199.39
2024-02-08,East,Mouse,Accessories,1,1433.37,1433.37,288.89
2024-02-08,West,Mouse,Accessories,1,1023.97,1023.97,209.43
2024-02-09,North,Monitor,Accessories,8,82.17,657.34,114.73
2024-02-09,South,Mouse,Accessories,6,1255.49,7532.93,956.26
2024-02-09,East,Laptop,Electronics,6,1453.56,8721.37,628.83
2024-02-09,West,Tablet,Electronics,9,905.44,8148.92,1385.41
2024-02-10,North,Keyboard,Accessories,5,977.07,4885.37,1227.5
2024-02-10,South,Mouse,Accessories,2,558.35,1116.7,220.53
2024-02-10,East,Mouse,Accessories,3,1361.03,4083.09,559.64
2024-02-10,West,Mouse,Accessories,1,1186.3,1186.3,176.92
2024-02-11,North,Smartphone,Electronics,3,1061.58,3184.74,793.38
2024-02-11,South,Smartphone,Electronics,8,1271.03,10168.26,2463.05
2024-02-11,East,Monitor,Accessories,8,116.5,931.99,191.25
2024-02-11,West,Smartphone,Electronics,3,829.03,2487.1,410.44
2024-02-12,North,Tablet,Electronics,6,1061.62,6369.71,605.23
2024-02-12,South,Monitor,Accessories,8,646.91,5175.27,1389.97
2024-02-12,East,Tablet,Electronics,2,922.81,1845.61,195.57
2024-02-12,West,Keyboard,Accessories,5,550.37,2751.85,376.74
2024-02-13,North,Mouse,Accessories,5,845.64,4228.19,776.32
2024-02-13,South,Monitor,Accessories,2,236.69,473.37,62.73
2024-02-13,East,Tablet,Electronics,9,183.82,1654.39,281.72
2024-02-13,West,Mouse,Accessories,8,1316.69,10533.51,2951.68
2024-02-14,North,Keyboard,Accessories,1,451.47,451.47,113.57
2024-02-14,South,Laptop,Electronics,3,317.56,952.67,97.49
2024-02-14,East,Mouse,Accessories,7,820.34,5742.35,1321.48
2024-02-14,West,Smartphone,Electronics,8,243.02,1944.16,431.2
2024-02-15,North,Mouse,Accessories,2,698.75,1397.5,255.96
2024-02-15,South,Laptop,Electronics,7,597.06,4179.43,229.94
2024-02-15,East,Laptop,Electronics,1,356.6,356.6,47.03
2024-02-15,West,Monitor,Accessories,9,1341.26,12071.38,2394.94
2024-02-16,North,Monitor,Accessories,3,990.79,2972.38,504.99
2024-02-16,South,Monitor,Accessories,6,900.92,5405.52,1277.65
2024-02-16,East,Laptop,Electronics,3,599.22,1797.66,241.54
2024-02-16,West,Monitor,Accessories,2,404.31,808.62,141.15
2024-02-17,North,Mouse,Accessories,5,1403.85,7019.27,364.18
2024-02-17,South,Keyboard,Accessories,6,579.77,3478.6,598.15
2024-02-17,East,Mouse,Accessories,8,1350.31,10802.48,756.8
2024-02-17,West,Tablet,Electronics,8,1060.59,8484.75,2539.6
2024-02-18,North,Mouse,Accessories,2,885.2,1770.4,494.56
2024-02-18,South,Mouse,Accessories,6,423.96,2543.75,235.86
2024-02-18,East,Tablet,Electronics,9,1091.76,9825.87,1805.59
2024-02-18,West,Smartphone,Electronics,3,1265.94,3797.83,384.6
2024-02-19,North,Smartphone,Electronics,6,1080.88,6485.29,647.73
2024-02-19,South,Monitor,Accessories,1,818.27,818.27,185.59
2024-02-19,East,Mouse,Accessories,6,892.8,5356.77,474.56
2024-02-19,West,Monitor,Accessories,3,125.14,375.43,50.36
2024-02-20,North,Smartphone,Electronics,5,141.89,709.47,211.06
2024-02-20,South,Keyboard,Accessories,8,1224.32,9794.54,1113.25
2024-02-20,East,Keyboard,Accessories,9,1152.33,10370.97,2062.89
2024-02-20,West,Mouse,Accessories,7,1201.72,8412.04,644.99
2024-02-21,North,Keyboard,Accessories,2,230.23,460.46,107.16
2024-02-21,South,Laptop,Electronics,2,312.79,625.58,41.68
2024-02-21,East,Mouse,Accessories,8,1250.51,10004.11,2377.23
2024-02-21,West,Monitor,Accessories,3,288.19,864.56,219.29
2024-02-22,North,Tablet,Electronics,4,508.49,2033.94,400.84
2024-02-22,South,Smartphone,Electronics,8,705.33,5642.6,1289.03
2024-02-22,East,Tablet,Electronics,6,832.68,4996.1,797.81
2024-02-22,West,Laptop,Electronics,9,565.28,5087.48,752.29
2024-02-23,North,Smartphone,Electronics,5,1364.38,6821.92,1405.72
2024-02-23,South,Tablet,Electronics,6,1412.76,8476.54,1754.02
2024-02-23,East,Smartphone,Electronics,4,1201.34,4805.35,985.18
2024-02-23,West,Monitor,Accessories,7,881.07,6167.48,1846.69
2024-02-24,North,Laptop,Electronics,1,1075.12,1075.12,263.02
2024-02-24,South,Laptop,Electronics,4,876.34,3505.36,843.44
2024-02-24,East,Tablet,Electronics,1,199.23,199.23,36.68
2024-02-24,West,Monitor,Accessories,8,925.74,7405.91,1300.27
2024-02-25,North,Keyboard,Accessories,4,1097.27,4389.06,1009.53
2024-02-25,South,Tablet,Electronics,3,869.99,2609.96,597.8
2024-02-25,East,Tablet,Electronics,5,1248.86,6244.29,1809.4
2024-02-25,West,Mouse,Accessories,6,631.23,3787.41,626.82
2024-02-26,North,Mouse,Accessories,8,783.54,6268.31,1271.61
2024-02-26,South,Monitor,Accessories,4,1382.19,5528.75,1368.48
2024-02-26,East,Keyboard,Accessories,8,994.48,7955.86,1931.78
2024-02-26,West,Smartphone,Electronics,9,664.99,5984.91,1401.13
2024-02-27,North,Laptop,Electronics,6,1370.49,8222.97,663.62
2024-02-27,South,Keyboard,Accessories,5,290.0,1450.02,140.04
2024-02-27,East,Laptop,Electronics,1,1311.35,1311.35,235.66
2024-02-27,West,Keyboard,Accessories,9,1129.16,10162.46,1030.42
2024-02-28,North,Laptop,Electronics,5,925.4,4626.98,363.53
2024-02-28,South,Monitor,Accessories,9,1302.1,11718.91,3289.97
2024-02-28,East,Smartphone,Electronics,2,1381.76,2763.52,543.77
2024-02-28,West,Tablet,Electronics,3,409.93,1229.79,239.08
2024-02-29,North,Monitor,Accessories,6,99.12,594.75,76.05
2024-02-29,South,Keyboard,Accessories,6,369.14,2214.85,228.51
2024-02-29,East,Laptop,Electronics,7,1464.53,10251.74,1688.95
2024-02-29,West,Monitor,Accessories,6,1297.92,7787.5,1431.09
2024-03-01,North,Laptop,Electronics,7,913.31,6393.16,426.87
2024-03-01,South,Tablet,Electronics,8,1352.18,10817.43,1095.64
2024-03-01,East,Keyboard,Accessories,1,103.0,103.0,17.31
2024-03-01,West,Tablet,Electronics,2,476.36,952.73,217.71
2024-03-02,North,Smartphone,Electronics,2,824.96,1649.92,280.94
2024-03-02,South,Mouse,Accessories,6,1159.77,6958.6,527.08
2024-03-02,East,Keyboard,Accessories,7,1421.87,9953.07,1426.55
2024-03-02,West,Smartphone,Electronics,3,983.8,2951.4,449.15
2024-03-03,North,Monitor,Accessories,2,1307.14,2614.28,397.36
2024-03-03,South,Laptop,Electronics,7,418.14,2926.97,289.85
2024-03-03,East,Keyboard,Accessories,8,200.96,1607.66,401.88
2024-03-03,West,Tablet,Electronics,3,996.48,2989.45,327.48
2024-03-04,North,Smartphone,Electronics,3,402.6,1207.8,278.48
2024-03-04,South,Mouse,Accessories,4,1419.39,5677.58,484.13
2024-03-04,East,Mouse,Accessories,7,1349.69,9447.81,503.1
2024-03-04,West,Laptop,Electronics,7,1279.79,8958.5,722.9
2024-03-05,North,Tablet,Electronics,4,982.24,3928.97,887.89
2024-03-05,South,Laptop,Electronics,5,545.64,2728.18,313.35
2024-03-05,East,Smartphone,Electronics,3,905.93,2717.78,318.02
2024-03-05,West,Keyboard,Accessories,5,643.65,3218.23,605.07
2024-03-06,North,Smartphone,Electronics,5,476.98,2384.88,684.73
2024-03-06,South,Mouse,Accessories,8,215.64,1725.16,330.27
2024-03-06,East,Tablet,Electronics,7,1209.79,8468.53,1323.66
2024-03-06,West,Tablet,Electronics,1,439.58,439.58,81.5
2024-03-07,North,Keyboard,Accessories,9,423.94,3815.43,323.7
2024-03-07,South,Tablet,Electronics,4,241.8,967.2,266.12
2024-03-07,East,Smartphone,Electronics,7,1040.62,7284.32,1862.21
2024-03-07,West,Keyboard,Accessories,4,772.23,3088.93,206.32
2024-03-08,North,Keyboard,Accessories,9,771.32,6941.92,1596.99
2024-03-08,South,Keyboard,Accessories,6,248.48,1490.9,410.01
2024-03-08,East,Mouse,Accessories,8,413.56,3308.48,689.07
2024-03-08,West,Keyboard,Accessories,7,881.28,6168.94,1601.0
2024-03-09,North,Keyboard,Accessories,2,291.11,582.22,136.54
2024-03-09,South,Tablet,Electronics,5,924.57,4622.85,514.7
2024-03-09,East,Keyboard,Accessories,8,683.93,5471.44,1525.87
2024-03-09,West,Tablet,Electronics,7,935.09,6545.61,1880.73
2024-03-10,North,Mouse,Accessories,6,1112.23,6673.38,692.26
2024-03-10,South,Monitor,Accessories,4,284.92,1139.68,296.75
2024-03-10,East,Laptop,Electronics,2,953.83,1907.66,321.55
2024-03-10,West,Laptop,Electronics,9,559.73,5037.6,771.75
2024-03-11,North,Keyboard,Accessories,8,680.5,5444.0,607.55
2024-03-11,South,Tablet,Electronics,2,1209.15,2418.31,540.91
2024-03-11,East,Mouse,Accessories,6,905.83,5435.01,762.22
2024-03-11,West,Monitor,Accessories,1,248.39,248.39,71.43
2024-03-12,North,Laptop,Electronics,8,1149.67,9197.35,1929.03
2024-03-12,South,Laptop,Electronics,7,1099.95,7699.65,1611.6
2024-03-12,East,Laptop,Electronics,2,759.67,1519.33,159.99
2024-03-12,West,Smartphone,Electronics,9,1418.89,12769.97,764.37
2024-03-13,North,Smartphone,Electronics,7,1499.06,10493.44,1982.75
2024-03-13,South,Mouse,Accessories,7,99.22,694.55,155.83
2024-03-13,East,Laptop,Electronics,3,1390.37,4171.12,1221.16
2024-03-13,West,Keyboard,Accessories,2,1130.34,2260.69,144.05
2024-03-14,North,Tablet,Electronics,2,807.53,1615.06,341.0
2024-03-14,South,Mouse,Accessories,8,383.51,3068.1,245.88
2024-03-14,East,Smartphone,Electronics,3,1059.62,3178.86,429.05
2024-03-14,West,Monitor,Accessories,7,507.17,3550.2,656.33
2024-03-15,North,Keyboard,Accessories,6,512.19,3073.15,634.52
2024-03-15,South,Keyboard,Accessories,2,85.38,170.76,45.68
2024-03-15,East,Mouse,Accessories,7,318.94,2232.55,325.93
2024-03-15,West,Tablet,Electronics,7,63.75,446.28,28.19
2024-03-16,North,Laptop,Electronics,5,745.68,3728.41,727.75
2024-03-16,South,Monitor,Accessories,9,1164.0,10475.97,1617.93
2024-03-16,East,Monitor,Accessories,5,1111.79,5558.97,282.6
2024-03-16,West,Keyboard,Accessories,8,466.5,3731.97,463.05
2024-03-17,North,Mouse,Accessories,5,111.04,555.18,30.24
2024-03-17,South,Mouse,Accessories,9,208.73,1878.55,277.85
2024-03-17,East,Monitor,Accessories,5,1190.2,5951.0,430.57
2024-03-17,West,Mouse,Accessories,7,1324.72,9273.05,2653.79
2024-03-18,North,Tablet,Electronics,2,292.2,584.4,174.03
2024-03-18,South,Tablet,Electronics,8,1416.96,11335.69,2407.83
2024-03-18,East,Keyboard,Accessories,3,793.4,2380.2,256.27
2024-03-18,West,Smartphone,Electronics,9,369.71,3327.35,321.45
2024-03-19,North,Tablet,Electronics,8,557.68,4461.45,287.59
2024-03-19,South,Laptop,Electronics,9,1395.24,12557.17,3751.16
2024-03-19,East,Keyboard,Accessories,3,1149.45,3448.34,772.45
2024-03-19,West,Tablet,Electronics,3,375.44,1126.32,119.34
2024-03-20,North,Laptop,Electronics,9,1347.64,12128.72,3214.5
2024-03-20,South,Tablet,Electronics,9,617.2,5554.77,656.79
2024-03-20,East,Keyboard,Accessories,9,114.35,1029.12,270.71
2024-03-20,West,Smartphone,Electronics,9,527.12,4744.12,1342.1
2024-03-21,North,Tablet,Electronics,2,642.26,1284.51,183.91
2024-03-21,South,Tablet,Electronics,5,120.74,603.68,110.56
2024-03-21,East,Keyboard,Accessories,5,1487.64,7438.2,486.3
2024-03-21,West,Keyboard,Accessories,3,1245.79,3737.36,511.84
2024-03-22,North,Smartphone,Electronics,8,870.31,6962.49,812.92
2024-03-22,South,Mouse,Accessories,8,1206.27,9650.14,2071.05
2024-03-22,East,Laptop,Electronics,9,534.31,4808.82,527.39
2024-03-22,West,Keyboard,Accessories,4,946.99,3787.95,902.21
2024-03-23,North,Keyboard,Accessories,9,92.41,831.68,213.29
2024-03-23,South,Smartphone,Electronics,5,1128.09,5640.43,508.71
2024-03-23,East,Monitor,Accessories,2,1256.59,2513.19,444.5
2024-03-23,West,Smartphone,Electronics,1,861.77,861.77,68.05
2024-03-24,North,Smartphone,Electronics,8,1237.09,9896.68,812.64
2024-03-24,South,Tablet,Electronics,7,834.84,5843.86,1699.09
2024-03-24,East,Monitor,Accessories,5,198.64,993.2,282.37
2024-03-24,West,Monitor,Accessories,2,1423.58,2847.16,260.78
2024-03-25,North,Monitor,Accessories,6,1077.43,6464.58,1088.59
2024-03-25,South,Mouse,Accessories,8,116.33,930.61,249.3
2024-03-25,East,Keyboard,Accessories,4,988.98,3955.93,785.64
2024-03-25,West,Monitor,Accessories,7,145.16,1016.11,259.49
2024-03-26,North,Tablet,Electronics,7,696.56,4875.91,577.34
2024-03-26,South,Keyboard,Accessories,4,667.96,2671.85,435.1
2024-03-26,East,Keyboard,Accessories,4,1267.92,5071.69,1233.46
2024-03-26,West,Monitor,Accessories,6,240.44,1442.62,385.2
2024-03-27,North,Mouse,Accessories,8,676.89,5415.08,1548.19
2024-03-27,South,Keyboard,Accessories,4,626.51,2506.05,297.1
2024-03-27,East,Tablet,Electronics,1,515.08,515.08,119.04
2024-03-27,West,Smartphone,Electronics,3,95.14,285.43,60.77
2024-03-28,North,Monitor,Accessories,2,1303.32,2606.64,438.7
2024-03-28,South,Monitor,Accessories,9,1309.5,11785.53,2877.43
2024-03-28,East,Tablet,Electronics,2,1153.48,2306.97,476.52
2024-03-28,West,Monitor,Accessories,5,1372.16,6860.81,2002.52
2024-03-29,North,Monitor,Accessories,9,51.79,466.08,93.02
2024-03-29,South,Mouse,Accessories,4,673.94,2695.77,269.93
2024-03-29,East,Laptop,Electronics,6,893.86,5363.15,628.82
2024-03-29,West,Tablet,Electronics,1,66.85,66.85,4.55
2024-03-30,North,Smartphone,Electronics,6,472.91,2837.46,634.87
2024-03-30,South,Laptop,Electronics,6,1366.34,8198.02,1894.33
2024-03-30,East,Tablet,Electronics,8,261.59,2092.7,158.41
2024-03-30,West,Mouse,Accessories,6,946.33,5677.95,1281.04
2024-03-31,North,Smartphone,Electronics,8,64.17,513.34,67.56
2024-03-31,South,Smartphone,Electronics,1,177.41,177.41,24.42
2024-03-31,East,Laptop,Electronics,4,568.81,2275.25,296.97
2024-03-31,West,Mouse,Accessories,7,341.25,2388.72,533.4
2024-04-01,North,Smartphone,Electronics,7,1022.06,7154.41,2059.67
2024-04-01,South,Keyboard,Accessories,3,1349.52,4048.56,804.43
2024-04-01,East,Laptop,Electronics,7,938.77,6571.38,819.51
2024-04-01,West,Monitor,Accessories,8,1423.66,11389.27,2349.9
2024-04-02,North,Monitor,Accessories,7,1008.19,7057.32,1328.54
2024-04-02,South,Mouse,Accessories,6,705.86,4235.17,893.17
2024-04-02,East,Laptop,Electronics,2,137.51,275.02,30.74
2024-04-02,West,Keyboard,Accessories,9,1314.09,11826.78,1239.49
2024-04-03,North,Mouse,Accessories,4,1129.2,4516.82,1210.32
2024-04-03,South,Keyboard,Accessories,7,113.31,793.17,71.72
2024-04-03,East,Mouse,Accessories,2,997.23,1994.46,265.42
2024-04-03,West,Laptop,Electronics,3,168.21,504.64,76.11
2024-04-04,North,Keyboard,Accessories,6,94.45,566.68,64.84
2024-04-04,South,Monitor,Accessories,1,1309.0,1309.0,303.41
2024-04-04,East,Keyboard,Accessories,8,666.97,5335.72,728.24
2024-04-04,West,Monitor,Accessories,4,782.03,3128.1,581.28
2024-04-05,North,Tablet,Electronics,9,685.99,6173.93,1428.12
2024-04-05,South,Monitor,Accessories,2,916.7,1833.4,455.12
2024-04-05,East,Smartphone,Electronics,3,908.91,2726.72,758.28
2024-04-05,West,Monitor,Accessories,3,953.3,2859.9,594.55
2024-04-06,North,Laptop,Electronics,3,1175.2,3525.6,533.52
2024-04-06,South,Mouse,Accessories,7,967.18,6770.29,969.59
2024-04-06,East,Smartphone,Electronics,7,648.9,4542.27,305.62
2024-04-06,West,Laptop,Electronics,6,1312.59,7875.52,1270.53
2024-04-07,North,Laptop,Electronics,4,909.78,3639.11,330.73
2024-04-07,South,Tablet,Electronics,9,1455.65,13100.83,1500.48
2024-04-07,East,Keyboard,Accessories,5,521.53,2607.63,634.61
2024-04-07,West,Monitor,Accessories,7,707.99,4955.96,540.26
2024-04-08,North,Tablet,Electronics,6,296.15,1776.89,319.74
2024-04-08,South,Smartphone,Electronics,9,674.79,6073.08,681.27
2024-04-08,East,Tablet,Electronics,1,416.17,416.17,58.19
2024-04-08,West,Monitor,Accessories,9,928.03,8352.27,1162.49
2024-04-09,North,Monitor,Accessories,5,1183.6,5917.98,1339.51
2024-04-09,South,Monitor,Accessories,6,348.47,2090.82,163.04
2024-04-09,East,Smartphone,Electronics,2,228.31,456.62,49.22
2024-04-09,West,Smartphone,Electronics,1,227.06,227.06,37.02
2024-04-10,North,Keyboard,Accessories,5,199.8,998.99,195.97
2024-04-10,South,Monitor,Accessories,4,1480.61,5922.45,1725.09
2024-04-10,East,Tablet,Electronics,2,518.54,1037.08,304.15
2024-04-10,West,Tablet,Electronics,2,546.85,1093.7,200.21
2024-04-11,North,Mouse,Accessories,4,1071.79,4287.15,430.7
2024-04-11,South,Smartphone,Electronics,5,186.16,930.78,203.05
2024-04-11,East,Mouse,Accessories,5,1446.85,7234.26,823.45
2024-04-11,West,Laptop,Electronics,7,1469.02,10283.11,1476.39
2024-04-12,North,Mouse,Accessories,2,404.01,808.03,208.24
2024-04-12,South,Laptop,Electronics,8,1203.49,9627.92,2692.64
2024-04-12,East,Laptop,Electronics,3,1414.27,4242.81,1089.17
2024-04-12,West,Keyboard,Accessories,9,204.56,1841.04,394.83
2024-04-13,North,Smartphone,Electronics,6,511.26,3067.57,817.84
2024-04-13,South,Laptop,Electronics,9,181.2,1630.79,199.24
2024-04-13,East,Tablet,Electronics,4,993.24,3972.97,958.67
2024-04-13,West,Monitor,Accessories,6,685.35,4112.1,1132.24
2024-04-14,North,Keyboard,Accessories,9,509.93,4589.4,1226.4
2024-04-14,South,Laptop,Electronics,8,480.46,3843.68,815.89
2024-04-14,East,Keyboard,Accessories,1,581.37,581.37,86.65
2024-04-14,West,Keyboard,Accessories,3,613.41,1840.23,298.44
2024-04-15,North,Laptop,Electronics,1,694.41,694.41,37.27
2024-04-15,South,Tablet,Electronics,3,294.24,882.73,185.94
2024-04-15,East,Smartphone,Electronics,9,600.69,5406.2,1437.15
2024-04-15,West,Smartphone,Electronics,6,1375.64,8253.86,2091.87
2024-04-16,North,Laptop,Electronics,5,628.29,3141.47,612.72
2024-04-16,South,Monitor,Accessories,4,931.46,3725.85,898.75
2024-04-16,East,Mouse,Accessories,2,1087.46,2174.92,392.16
2024-04-16,West,Keyboard,Accessories,7,674.75,4723.25,1295.01
2024-04-17,North,Keyboard,Accessories,9,999.3,8993.74,1304.26
2024-04-17,South,Monitor,Accessories,5,744.82,3724.08,367.34
2024-04-17,East,Mouse,Accessories,4,422.33,1689.3,204.77
2024-04-17,West,Tablet,Electronics,3,892.35,2677.05,193.84
2024-04-18,North,Mouse,Accessories,2,629.86,1259.73,370.59
2024-04-18,South,Smartphone,Electronics,9,807.6,7268.38,587.33
2024-04-18,East,Monitor,Accessories,7,811.49,5680.41,1290.94
2024-04-18,West,Laptop,Electronics,8,1446.24,11569.95,1977.15
2024-04-19,North,Mouse,Accessories,1,591.59,591.59,107.45
2024-04-19,South,Tablet,Electronics,7,975.08,6825.55,1220.37
2024-04-19,East,Monitor,Accessories,9,1200.93,10808.36,2287.6
2024-04-19,West,Smartphone,Electronics,9,1267.8,11410.19,3137.87
2024-04-20,North,Laptop,Electronics,5,487.99,2439.94,568.48
2024-04-20,South,Monitor,Accessories,7,1017.95,7125.63,526.47
2024-04-20,East,Monitor,Accessories,1,664.72,664.72,58.66
2024-04-20,West,Laptop,Electronics,3,1310.43,3931.28,661.33
2024-04-21,North,Keyboard,Accessories,1,308.75,308.75,39.54
2024-04-21,South,Tablet,Electronics,7,842.71,5898.98,637.01
2024-04-21,East,Mouse,Accessories,9,770.31,6932.81,2058.67
2024-04-21,West,Tablet,Electronics,7,1057.96,7405.72,1118.85
2024-04-22,North,Mouse,Accessories,7,1100.55,7703.85,415.66
2024-04-22,South,Monitor,Accessories,3,924.67,2774.0,372.57
2024-04-22,East,Keyboard,Accessories,4,174.2,696.82,190.61
2024-04-22,West,Tablet,Electronics,9,518.89,4670.0,498.12
2024-04-23,North,Laptop,Electronics,7,150.66,1054.65,189.59
2024-04-23,South,Smartphone,Electronics,5,151.4,757.0,159.0
2024-04-23,East,Mouse,Accessories,8,993.77,7950.18,1456.79
2024-04-23,West,Keyboard,Accessories,3,325.97,977.91,61.69
2024-04-24,North,Monitor,Accessories,2,576.27,1152.54,344.46
2024-04-24,South,Mouse,Accessories,4,137.21,548.83,104.59
2024-04-24,East,Monitor,Accessories,5,304.19,1520.95,338.41
2024-04-24,West,Laptop,Electronics,7,826.95,5788.65,429.34
2024-04-25,North,Laptop,Electronics,7,1146.44,8025.06,1098.57
2024-04-25,South,Monitor,Accessories,8,1203.4,9627.22,2712.9
2024-04-25,East,Keyboard,Accessories,7,629.01,4403.06,387.93
2024-04-25,West,Keyboard,Accessories,4,1394.15,5576.61,1031.61
2024-04-26,North,Laptop,Electronics,5,184.75,923.74,105.55
2024-04-26,South,Laptop,Electronics,5,1247.8,6238.99,1531.72
2024-04-26,East,Smartphone,Electronics,4,489.54,1958.14,226.71
2024-04-26,West,Smartphone,Electronics,9,177.08,1593.74,453.0
2024-04-27,North,Laptop,Electronics,1,493.01,493.01,73.58
2024-04-27,South,Smartphone,Electronics,4,1316.34,5265.35,476.2
2024-04-27,East,Mouse,Accessories,6,871.53,5229.21,772.67
2024-04-27,West,Monitor,Accessories,1,218.73,218.73,55.64
2024-04-28,North,Tablet,Electronics,8,822.1,6576.78,1515.0
2024-04-28,South,Tablet,Electronics,7,491.78,3442.49,241.77
2024-04-28,East,Keyboard,Accessories,3,301.61,904.83,202.45
2024-04-28,West,Smartphone,Electronics,4,880.91,3523.64,997.83
2024-04-29,North,Smartphone,Electronics,9,745.06,6705.58,861.21
2024-04-29,South,Mouse,Accessories,1,929.07,929.07,224.09
2024-04-29,East,Keyboard,Accessories,4,778.72,3114.88,466.19
2024-04-29,West,Laptop,Electronics,5,226.55,1132.77,192.07
2024-04-30,North,Monitor,Accessories,9,387.2,3484.8,243.91
2024-04-30,South,Monitor,Accessories,4,687.29,2749.17,210.08
2024-04-30,East,Mouse,Accessories,2,992.79,1985.58,174.74
2024-04-30,West,Tablet,Electronics,5,1182.1,5910.52,974.94
2024-05-01,North,Smartphone,Electronics,2,133.78,267.56,59.87
2024-05-01,South,Laptop,Electronics,7,396.81,2777.68,237.66
2024-05-01,East,Laptop,Electronics,3,307.76,923.28,205.8
2024-05-01,West,Laptop,Electronics,4,968.12,3872.5,415.22
2024-05-02,North,Keyboard,Accessories,7,370.16,2591.15,242.11
2024-05-02,South,Monitor,Accessories,6,667.82,4006.93,331.28
2024-05-02,East,Monitor,Accessories,3,583.25,1749.75,268.64
2024-05-02,West,Mouse,Accessories,7,1113.74,7796.19,1889.22
2024-05-03,North,Mouse,Accessories,7,653.42,4573.96,779.11
2024-05-03,South,Mouse,Accessories,6,426.73,2560.37,614.68
2024-05-03,East,Smartphone,Electronics,8,826.2,6609.6,686.08
2024-05-03,West,Keyboard,Accessories,2,962.48,1924.97,191.95
2024-05-04,North,Keyboard,Accessories,4,588.54,2354.17,274.17
2024-05-04,South,Tablet,Electronics,5,1274.32,6371.59,474.81
2024-05-04,East,Smartphone,Electronics,4,1303.76,5215.03,578.19
2024-05-04,West,Smartphone,Electronics,8,1225.49,9803.96,1995.3
2024-05-05,North,Keyboard,Accessories,6,618.97,3713.83,1073.5
2024-05-05,South,Laptop,Electronics,9,198.12,1783.05,382.77
2024-05-05,East,Laptop,Electronics,1,1222.88,1222.88,84.51
2024-05-05,West,Laptop,Electronics,2,105.72,211.44,58.24
2024-05-06,North,Keyboard,Accessories,7,1006.06,7042.44,1928.08
2024-05-06,South,Laptop,Electronics,1,146.65,146.65,26.34
2024-05-06,East,Tablet,Electronics,5,1119.28,5596.39,996.47
2024-05-06,West,Keyboard,Accessories,8,110.43,883.41,62.9
2024-05-07,North,Tablet,Electronics,1,154.52,154.52,10.48
2024-05-07,South,Laptop,Electronics,5,787.44,3937.2,578.37
2024-05-07,East,Mouse,Accessories,4,557.07,2228.28,542.95
2024-05-07,West,Tablet,Electronics,3,302.46,907.38,67.69
2024-05-08,North,Mouse,Accessories,6,1158.34,6950.04,808.02
2024-05-08,South,Mouse,Accessories,1,478.39,478.39,115.92
2024-05-08,East,Laptop,Electronics,9,603.81,5434.31,551.16
2024-05-08,West,Laptop,Electronics,4,941.77,3767.08,917.88
2024-05-09,North,Laptop,Electronics,9,818.94,7370.44,445.82
2024-05-09,South,Smartphone,Electronics,5,231.59,1157.94,195.21
2024-05-09,East,Smartphone,Electronics,6,754.72,4528.33,1268.27
2024-05-09,West,Monitor,Accessories,2,235.74,471.48,63.45
2024-05-10,North,Smartphone,Electronics,7,187.77,1314.37,189.27
2024-05-10,South,Mouse,Accessories,9,287.34,2586.07,306.31
2024-05-10,East,Monitor,Accessories,5,1030.17,5150.87,896.31
2024-05-10,West,Laptop,Electronics,8,1489.0,11912.02,2595.2
2024-05-11,North,Mouse,Accessories,7,1324.94,9274.58,1062.94
2024-05-11,South,Smartphone,Electronics,5,1144.81,5724.05,945.24
2024-05-11,East,Mouse,Accessories,8,858.83,6870.63,653.73
2024-05-11,West,Tablet,Electronics,6,1142.12,6852.73,804.05
2024-05-12,North,Monitor,Accessories,2,206.52,413.04,91.42
2024-05-12,South,Monitor,Accessories,2,359.59,719.18,126.91
2024-05-12,East,Monitor,Accessories,6,836.24,5017.46,991.39
2024-05-12,West,Tablet,Electronics,6,869.28,5215.69,1159.04
2024-05-13,North,Monitor,Accessories,9,1153.63,10382.64,934.62
2024-05-13,South,Smartphone,Electronics,8,407.68,3261.47,755.41
2024-05-13,East,Laptop,Electronics,4,193.81,775.23,116.57
2024-05-13,West,Smartphone,Electronics,2,345.85,691.7,130.57
2024-05-14,North,Mouse,Accessories,7,941.72,6592.03,1463.24
2024-05-14,South,Keyboard,Accessories,9,853.63,7682.66,394.18
2024-05-14,East,Smartphone,Electronics,6,1257.39,7544.32,398.02
2024-05-14,West,Laptop,Electronics,2,1150.08,2300.16,505.1
2024-05-15,North,Tablet,Electronics,7,731.96,5123.74,899.28
2024-05-15,South,Smartphone,Electronics,4,608.8,2435.18,513.44
2024-05-15,East,Smartphone,Electronics,8,364.95,2919.63,246.58
2024-05-15,West,Mouse,Accessories,5,52.73,263.63,24.94
2024-05-16,North,Smartphone,Electronics,6,291.98,1751.9,167.01
2024-05-16,South,Keyboard,Accessories,4,633.37,2533.5,680.41
2024-05-16,East,Keyboard,Accessories,3,144.04,432.11,84.26
2024-05-16,West,Monitor,Accessories,4,126.57,506.26,86.9
2024-05-17,North,Mouse,Accessories,2,923.11,1846.22,102.9
2024-05-17,South,Tablet,Electronics,1,972.91,972.91,84.89
2024-05-17,East,Keyboard,Accessories,6,354.27,2125.63,544.76
2024-05-17,West,Tablet,Electronics,4,227.45,909.79,212.78
2024-05-18,North,Laptop,Electronics,2,588.56,1177.12,77.26
2024-05-18,South,Monitor,Accessories,9,1403.01,12627.13,2659.79
2024-05-18,East,Laptop,Electronics,6,972.46,5834.74,1437.76
2024-05-18,West,Tablet,Electronics,6,1487.13,8922.8,2112.96
2024-05-19,North,Laptop,Electronics,5,317.49,1587.45,223.13
2024-05-19,South,Smartphone,Electronics,3,87.99,263.96,14.79
2024-05-19,East,Mouse,Accessories,6,445.95,2675.72,480.34
2024-05-19,West,Keyboard,Accessories,3,1413.98,4241.95,487.08
2024-05-20,North,Mouse,Accessories,3,596.53,1789.58,296.06
2024-05-20,South,Monitor,Accessories,1,681.01,681.01,193.64
2024-05-20,East,Monitor,Accessories,6,965.2,5791.18,361.72
2024-05-20,West,Smartphone,Electronics,3,683.43,2050.3,476.44
2024-05-21,North,Mouse,Accessories,9,280.42,2523.75,511.2
2024-05-21,South,Monitor,Accessories,9,1139.49,10255.44,2197.11
2024-05-21,East,Monitor,Accessories,5,149.99,749.95,48.19
2024-05-21,West,Mouse,Accessories,6,429.47,2576.84,287.95
2024-05-22,North,Monitor,Accessories,8,1463.51,11708.08,1671.93
2024-05-22,South,Smartphone,Electronics,9,1176.23,10586.07,702.3
2024-05-22,East,Keyboard,Accessories,4,98.74,394.96,25.93
2024-05-22,West,Smartphone,Electronics,9,551.58,4964.26,639.38
2024-05-23,North,Tablet,Electronics,7,175.32,1227.21,134.01
2024-05-23,South,Tablet,Electronics,4,235.58,942.33,254.93
2024-05-23,East,Keyboard,Accessories,8,427.23,3417.83,795.35
2024-05-23,West,Smartphone,Electronics,5,421.97,2109.84,450.54
2024-05-24,North,Smartphone,Electronics,5,869.73,4348.64,721.8
2024-05-24,South,Laptop,Electronics,5,932.36,4661.82,640.43
2024-05-24,East,Laptop,Electronics,1,269.31,269.31,28.64
2024-05-24,West,Smartphone,Electronics,9,1283.39,11550.54,2198.13
2024-05-25,North,Laptop,Electronics,8,216.41,1731.32,458.86
2024-05-25,South,Smartphone,Electronics,9,1197.96,10781.68,2018.44
2024-05-25,East,Smartphone,Electronics,6,377.91,2267.48,593.47
2024-05-25,West,Smartphone,Electronics,5,254.39,1271.96,274.8
2024-05-26,North,Laptop,Electronics,2,191.47,382.93,101.67
2024-05-26,South,Tablet,Electronics,7,840.88,5886.13,385.94
2024-05-26,East,Mouse,Accessories,3,125.34,376.01,92.71
2024-05-26,West,Keyboard,Accessories,4,840.03,3360.12,805.11
2024-05-27,North,Monitor,Accessories,6,76.02,456.13,37.2
2024-05-27,South,Mouse,Accessories,4,1312.34,5249.35,575.85
2024-05-27,East,Laptop,Electronics,8,1478.24,11825.88,2873.73
2024-05-27,West,Smartphone,Electronics,9,186.52,1678.68,228.16
2024-05-28,North,Monitor,Accessories,1,616.56,616.56,153.88
2024-05-28,South,Monitor,Accessories,7,1242.05,8694.35,1261.59
2024-05-28,East,Tablet,Electronics,5,1448.49,7242.46,731.07
2024-05-28,West,Smartphone,Electronics,8,466.35,3730.8,926.04
2024-05-29,North,Monitor,Accessories,5,970.14,4850.72,1210.15
2024-05-29,South,Mouse,Accessories,8,804.28,6434.21,1041.7
2024-05-29,East,Mouse,Accessories,2,509.3,1018.61,269.21
2024-05-29,West,Tablet,Electronics,2,294.84,589.68,104.23
2024-05-30,North,Monitor,Accessories,1,98.41,98.41,13.87
2024-05-30,South,Monitor,Accessories,5,688.47,3442.34,701.63
2024-05-30,East,Mouse,Accessories,3,1329.5,3988.51,1000.72
2024-05-30,West,Mouse,Accessories,7,1452.33,10166.34,1570.09
2024-05-31,North,Keyboard,Accessories,5,1101.52,5507.6,720.13
2024-05-31,South,Monitor,Accessories,6,1470.68,8824.11,1888.65
2024-05-31,East,Tablet,Electronics,5,861.65,4308.23,783.45
2024-05-31,West,Laptop,Electronics,4,1340.87,5363.5,374.65
2024-06-01,North,Keyboard,Accessories,3,321.75,965.24,255.35
2024-06-01,South,Monitor,Accessories,6,834.15,5004.91,1138.92
2024-06-01,East,Monitor,Accessories,9,733.19,6598.74,1685.38
2024-06-01,West,Monitor,Accessories,9,568.81,5119.27,888.46
2024-06-02,North,Tablet,Electronics,5,213.77,1068.84,76.74
2024-06-02,South,Laptop,Electronics,5,659.17,3295.86,910.78
2024-06-02,East,Tablet,Electronics,2,1135.8,2271.6,483.37
2024-06-02,West,Mouse,Accessories,1,1270.1,1270.1,213.15
2024-06-03,North,Tablet,Electronics,3,95.12,285.35,67.01
2024-06-03,South,Smartphone,Electronics,2,506.63,1013.27,51.63
2024-06-03,East,Mouse,Accessories,9,1000.16,9001.44,2681.85
2024-06-03,West,Tablet,Electronics,4,1306.26,5225.04,542.79
2024-06-04,North,Keyboard,Accessories,3,1156.58,3469.73,527.66
2024-06-04,South,Monitor,Accessories,4,1313.25,5252.99,1268.68
2024-06-04,East,Tablet,Electronics,2,993.61,1987.23,533.68
2024-06-04,West,Tablet,Electronics,7,295.17,2066.17,304.64
2024-06-05,North,Mouse,Accessories,6,378.76,2272.55,330.44
2024-06-05,South,Mouse,Accessories,3,648.5,1945.51,487.52
2024-06-05,East,Tablet,Electronics,4,76.1,304.4,47.29
2024-06-05,West,Mouse,Accessories,6,456.05,2736.32,723.99
2024-06-06,North,Tablet,Electronics,3,1247.76,3743.27,841.6
2024-06-06,South,Monitor,Accessories,4,1473.61,5894.43,1210.34
2024-06-06,East,Laptop,Electronics,7,822.38,5756.66,1201.83
2024-06-06,West,Monitor,Accessories,8,1070.34,8562.76,1585.61
2024-06-07,North,Laptop,Electronics,9,67.99,611.87,102.3
2024-06-07,South,Laptop,Electronics,5,480.99,2404.97,300.57
2024-06-07,East,Mouse,Accessories,9,119.81,1078.26,297.3
2024-06-07,West,Smartphone,Electronics,9,529.09,4761.82,643.33
2024-06-08,North,Keyboard,Accessories,1,463.67,463.67,72.93
2024-06-08,South,Tablet,Electronics,2,881.36,1762.71,378.47
2024-06-08,East,Monitor,Accessories,5,918.52,4592.59,361.59
2024-06-08,West,Keyboard,Accessories,9,1368.96,12320.63,2677.27
2024-06-09,North,Laptop,Electronics,2,1324.52,2649.04,511.11
2024-06-09,South,Keyboard,Accessories,7,674.12,4718.84,609.85
2024-06-09,East,Monitor,Accessories,9,544.18,4897.64,446.7
2024-06-09,West,Mouse,Accessories,8,1424.76,11398.06,1838.64
2024-06-10,North,Laptop,Electronics,3,394.28,1182.84,210.65
2024-06-10,South,Monitor,Accessories,4,607.54,2430.17,417.79
2024-06-10,East,Mouse,Accessories,2,443.77,887.55,149.31
2024-06-10,West,Laptop,Electronics,1,439.99,439.99,66.77
2024-06-11,North,Mouse,Accessories,9,54.24,488.12,29.26
2024-06-11,South,Mouse,Accessories,8,396.34,3170.74,530.81
2024-06-11,East,Laptop,Electronics,1,952.65,952.65,159.51
2024-06-11,West,Keyboard,Accessories,4,350.14,1400.56,250.9
2024-06-12,North,Mouse,Accessories,1,61.11,61.11,6.4
2024-06-12,South,Tablet,Electronics,4,206.64,826.55,111.35
2024-06-12,East,Keyboard,Accessories,5,879.47,4397.35,783.46
2024-06-12,West,Tablet,Electronics,6,1401.04,8406.26,1254.67
2024-06-13,North,Keyboard,Accessories,1,944.75,944.75,74.12
2024-06-13,South,Tablet,Electronics,7,883.43,6184.01,355.07
2024-06-13,East,Tablet,Electronics,3,703.37,2110.1,595.8
2024-06-13,West,Keyboard,Accessories,1,615.31,615.31,143.04
2024-06-14,North,Keyboard,Accessories,5,424.35,2121.76,463.93
2024-06-14,South,Laptop,Electronics,7,1433.35,10033.44,2311.19
2024-06-14,East,Laptop,Electronics,7,1090.48,7633.36,1964.8
2024-06-14,West,Laptop,Electronics,4,1045.56,4182.22,328.81
2024-06-15,North,Mouse,Accessories,1,711.54,711.54,101.23
2024-06-15,South,Tablet,Electronics,8,1139.21,9113.67,617.47
2024-06-15,East,Smartphone,Electronics,3,564.42,1693.26,483.31
2024-06-15,West,Keyboard,Accessories,9,987.35,8886.17,2417.13
2024-06-16,North,Keyboard,Accessories,2,251.36,502.73,39.68
2024-06-16,South,Monitor,Accessories,3,1099.76,3299.28,264.4
2024-06-16,East,Smartphone,Electronics,6,1252.08,7512.45,2237.33
2024-06-16,West,Smartphone,Electronics,1,1057.58,1057.58,193.67
2024-06-17,North,Tablet,Electronics,1,172.37,172.37,25.83
2024-06-17,South,Keyboard,Accessories,5,1221.63,6108.16,635.33
2024-06-17,East,Laptop,Electronics,7,1234.25,8639.74,577.53
2024-06-17,West,Keyboard,Accessories,6,1285.17,7711.02,1164.17
2024-06-18,North,Keyboard,Accessories,7,836.67,5856.72,1554.58
2024-06-18,South,Mouse,Accessories,2,607.15,1214.29,197.36
2024-06-18,East,Monitor,Accessories,9,674.93,6074.36,787.95
2024-06-18,West,Smartphone,Electronics,9,89.76,807.84,119.76
2024-06-19,North,Smartphone,Electronics,8,290.16,2321.29,490.8
2024-06-19,South,Keyboard,Accessories,8,1154.76,9238.12,2648.21
2024-06-19,East,Tablet,Electronics,2,973.51,1947.02,263.14
2024-06-19,West,Tablet,Electronics,1,196.83,196.83,51.53
2024-06-20,North,Smartphone,Electronics,4,891.32,3565.28,677.13
2024-06-20,South,Monitor,Accessories,1,253.8,253.8,43.5
2024-06-20,East,Tablet,Electronics,3,1447.83,4343.48,634.37
2024-06-20,West,Tablet,Electronics,6,1392.17,8353.04,1282.51
2024-06-21,North,Tablet,Electronics,2,504.15,1008.3,87.49
2024-06-21,South,Keyboard,Accessories,5,1261.45,6307.23,899.41
2024-06-21,East,Monitor,Accessories,5,737.31,3686.55,593.65
2024-06-21,West,Smartphone,Electronics,9,1476.82,13291.37,1622.89
2024-06-22,North,Mouse,Accessories,4,94.86,379.44,111.06
2024-06-22,South,Mouse,Accessories,4,1471.16,5884.63,997.27
2024-06-22,East,Keyboard,Accessories,2,294.09,588.18,65.72
2024-06-22,West,Tablet,Electronics,3,488.38,1465.15,168.25
2024-06-23,North,Tablet,Electronics,1,785.8,785.8,172.36
2024-06-23,South,Keyboard,Accessories,7,840.0,5880.0,536.91
2024-06-23,East,Keyboard,Accessories,3,268.26,804.77,204.56
2024-06-23,West,Monitor,Accessories,3,1184.46,3553.39,830.23
2024-06-24,North,Smartphone,Electronics,8,522.44,4179.55,1037.07
2024-06-24,South,Tablet,Electronics,5,1109.69,5548.43,482.69
2024-06-24,East,Keyboard,Accessories,1,1080.78,1080.78,299.09
2024-06-24,West,Tablet,Electronics,5,918.72,4593.62,635.6
2024-06-25,North,Monitor,Accessories,6,239.45,1436.68,355.76
2024-06-25,South,Monitor,Accessories,5,1201.61,6008.03,714.61
2024-06-25,East,Mouse,Accessories,6,265.75,1594.52,264.16
2024-06-25,West,Monitor,Accessories,4,1302.14,5208.58,1027.04
2024-06-26,North,Smartphone,Electronics,4,464.39,1857.54,187.25
2024-06-26,South,Tablet,Electronics,9,575.29,5177.6,1198.25
2024-06-26,East,Keyboard,Accessories,2,693.01,1386.02,277.94
2024-06-26,West,Monitor,Accessories,7,1436.27,10053.88,1006.58
2024-06-27,North,Laptop,Electronics,8,1288.24,10305.96,1646.76
2024-06-27,South,Laptop,Electronics,1,1344.98,1344.98,88.25
2024-06-27,East,Mouse,Accessories,3,700.06,2100.19,373.01
2024-06-27,West,Mouse,Accessories,7,77.72,544.03,92.06
2024-06-28,North,Keyboard,Accessories,6,1097.93,6587.55,1469.9
2024-06-28,South,Smartphone,Electronics,5,570.14,2850.69,715.83
2024-06-28,East,Tablet,Electronics,8,816.44,6531.51,1622.09
2024-06-28,West,Tablet,Electronics,3,340.94,1022.83,305.48
2024-06-29,North,Mouse,Accessories,7,114.03,798.24,108.12
2024-06-29,South,Keyboard,Accessories,1,150.09,150.09,7.72
2024-06-29,East,Keyboard,Accessories,9,1160.87,10447.81,2731.9
2024-06-29,West,Smartphone,Electronics,8,628.7,5029.56,1160.76
2024-06-30,North,Mouse,Accessories,4,640.3,2561.22,170.33
2024-06-30,South,Tablet,Electronics,8,210.95,1687.58,425.37
2024-06-30,East,Keyboard,Accessories,2,58.83,117.66,8.85
2024-06-30,West,Mouse,Accessories,2,161.45,322.9,56.56
2024-07-01,North,Smartphone,Electronics,6,122.83,736.97,50.28
2024-07-01,South,Keyboard,Accessories,8,478.17,3825.37,413.51
2024-07-01,East,Tablet,Electronics,8,474.15,3793.18,334.11
2024-07-01,West,Tablet,Electronics,6,516.17,3097.01,523.73
2024-07-02,North,Laptop,Electronics,1,978.69,978.69,288.46
2024-07-02,South,Keyboard,Accessories,3,568.83,1706.49,361.7
2024-07-02,East,Mouse,Accessories,1,1093.7,1093.7,291.73
2024-07-02,West,Smartphone,Electronics,4,955.94,3823.75,259.8
2024-07-03,North,Smartphone,Electronics,2,1085.23,2170.46,554.84
2024-07-03,South,Mouse,Accessories,4,257.17,1028.68,250.83
2024-07-03,East,Smartphone,Electronics,7,280.01,1960.04,530.19
2024-07-03,West,Smartphone,Electronics,9,1135.54,10219.82,1322.41
2024-07-04,North,Laptop,Electronics,2,450.45,900.89,204.27
2024-07-04,South,Smartphone,Electronics,8,55.54,444.31,49.63
2024-07-04,East,Laptop,Electronics,9,572.34,5151.05,605.76
2024-07-04,West,Tablet,Electronics,2,504.35,1008.71,249.39
2024-07-05,North,Tablet,Electronics,3,1369.42,4108.25,592.94
2024-07-05,South,Monitor,Accessories,3,179.47,538.41,119.39
2024-07-05,East,Smartphone,Electronics,1,1398.75,1398.75,365.16
2024-07-05,West,Smartphone,Electronics,7,418.64,2930.45,787.93
2024-07-06,North,Keyboard,Accessories,1,453.74,453.74,37.39
2024-07-06,South,Monitor,Accessories,9,482.18,4339.58,331.29
2024-07-06,East,Tablet,Electronics,3,984.02,2952.05,183.16
2024-07-06,West,Keyboard,Accessories,6,1437.36,8624.16,1510.09
2024-07-07,North,Laptop,Electronics,3,713.66,2140.99,218.85
2024-07-07,South,Mouse,Accessories,3,586.23,1758.69,110.95
2024-07-07,East,Laptop,Electronics,2,850.5,1701.0,261.87
2024-07-07,West,Smartphone,Electronics,9,1003.16,9028.46,1517.42
2024-07-08,North,Mouse,Accessories,1,1204.55,1204.55,287.29
2024-07-08,South,Keyboard,Accessories,2,622.36,1244.73,351.89
2024-07-08,East,Monitor,Accessories,2,1118.79,2237.58,657.06
2024-07-08,West,Monitor,Accessories,5,1039.18,5195.91,867.92
2024-07-09,North,Laptop,Electronics,4,173.74,694.98,42.22
2024-07-09,South,Keyboard,Accessories,9,1243.8,11194.19,2748.22
2024-07-09,East,Keyboard,Accessories,5,1047.66,5238.32,578.69
2024-07-09,West,Mouse,Accessories,8,1265.48,10123.88,2301.62
2024-07-10,North,Mouse,Accessories,3,764.65,2293.96,346.55
2024-07-10,South,Laptop,Electronics,6,436.68,2620.07,605.8
2024-07-10,East,Laptop,Electronics,4,110.4,441.61,65.98
2024-07-10,West,Laptop,Electronics,4,709.63,2838.53,331.58
2024-07-11,North,Laptop,Electronics,8,240.7,1925.61,508.91
2024-07-11,South,Mouse,Accessories,5,160.76,803.79,117.07
2024-07-11,East,Laptop,Electronics,2,313.52,627.04,99.62
2024-07-11,West,Keyboard,Accessories,9,1171.06,10539.5,1891.74
2024-07-12,North,Monitor,Accessories,9,589.02,5301.2,266.85
2024-07-12,South,Tablet,Electronics,5,987.37,4936.83,1449.2
2024-07-12,East,Tablet,Electronics,9,843.1,7587.87,1953.43
2024-07-12,West,Laptop,Electronics,8,714.09,5712.75,854.06
2024-07-13,North,Monitor,Accessories,8,145.26,1162.06,124.41
2024-07-13,South,Smartphone,Electronics,2,751.91,1503.82,356.2
2024-07-13,East,Monitor,Accessories,4,1438.8,5755.18,1644.15
2024-07-13,West,Keyboard,Accessories,8,1487.43,11899.4,2214.72
2024-07-14,North,Monitor,Accessories,6,580.24,3481.42,370.23
2024-07-14,South,Monitor,Accessories,7,254.16,1779.15,365.8
2024-07-14,East,Smartphone,Electronics,3,263.1,789.29,199.52
2024-07-14,West,Monitor,Accessories,1,550.53,550.53,153.8
2024-07-15,North,Mouse,Accessories,9,1340.7,12066.34,2738.22
2024-07-15,South,Smartphone,Electronics,1,1399.38,1399.38,243.95
2024-07-15,East,Laptop,Electronics,8,244.7,1957.59,566.69
2024-07-15,West,Tablet,Electronics,2,400.75,801.49,140.38
2024-07-16,North,Keyboard,Accessories,5,950.32,4751.59,1340.73
2024-07-16,South,Mouse,Accessories,2,842.95,1685.89,160.29
2024-07-16,East,Mouse,Accessories,3,290.34,871.01,140.57
2024-07-16,West,Monitor,Accessories,1,248.65,248.65,74.28
2024-07-17,North,Smartphone,Electronics,6,207.9,1247.37,260.87
2024-07-17,South,Monitor,Accessories,8,1082.0,8655.98,2555.99
2024-07-17,East,Laptop,Electronics,5,683.64,3418.22,678.14
2024-07-17,West,Mouse,Accessories,6,68.89,413.36,22.13
2024-07-18,North,Monitor,Accessories,3,1111.58,3334.73,462.73
2024-07-18,South,Laptop,Electronics,5,1431.7,7158.5,2088.59
2024-07-18,East,Keyboard,Accessories,8,1170.98,9367.83,1194.4
2024-07-18,West,Mouse,Accessories,1,714.44,714.44,175.28
2024-07-19,North,Monitor,Accessories,8,1157.19,9257.52,2442.15
2024-07-19,South,Monitor,Accessories,9,1261.34,11352.07,2793.8
2024-07-19,East,Monitor,Accessories,5,372.01,1860.05,242.58
2024-07-19,West,Smartphone,Electronics,7,1106.85,7747.94,572.18
2024-07-20,North,Keyboard,Accessories,9,634.01,5706.08,1561.53
2024-07-20,South,Keyboard,Accessories,4,468.88,1875.53,280.32
2024-07-20,East,Tablet,Electronics,2,1490.22,2980.44,182.49
2024-07-20,West,Keyboard,Accessories,7,589.0,4123.0,610.68
2024-07-21,North,Keyboard,Accessories,3,133.67,401.01,64.6
2024-07-21,South,Smartphone,Electronics,1,1191.95,1191.95,134.39
2024-07-21,East,Monitor,Accessories,5,569.94,2849.69,610.28
2024-07-21,West,Smartphone,Electronics,1,327.81,327.81,91.64
2024-07-22,North,Monitor,Accessories,7,783.64,5485.47,577.14
2024-07-22,South,Laptop,Electronics,5,102.23,511.14,47.95
2024-07-22,East,Smartphone,Electronics,8,459.59,3676.75,1057.49
2024-07-22,West,Keyboard,Accessories,8,891.13,7129.03,1277.34
2024-07-23,North,Smartphone,Electronics,3,459.62,1378.86,190.64
2024-07-23,South,Smartphone,Electronics,8,631.37,5050.92,1216.15
2024-07-23,East,Smartphone,Electronics,4,771.43,3085.73,312.18
2024-07-23,West,Keyboard,Accessories,8,319.9,2559.18,340.09
2024-07-24,North,Mouse,Accessories,9,578.31,5204.82,644.41
2024-07-24,South,Tablet,Electronics,5,717.0,3585.02,264.44
2024-07-24,East,Tablet,Electronics,8,119.08,952.64,220.71
2024-07-24,West,Keyboard,Accessories,8,561.27,4490.19,1150.37
2024-07-25,North,Smartphone,Electronics,9,721.78,6495.98,398.53
2024-07-25,South,Monitor,Accessories,7,1399.96,9799.75,1449.93
2024-07-25,East,Keyboard,Accessories,9,50.02,450.15,69.39
2024-07-25,West,Mouse,Accessories,6,129.22,775.32,227.38
2024-07-26,North,Mouse,Accessories,5,490.72,2453.58,264.02
2024-07-26,South,Tablet,Electronics,6,1107.55,6645.3,1938.51
2024-07-26,East,Mouse,Accessories,3,1011.42,3034.26,714.49
2024-07-26,West,Keyboard,Accessories,7,933.96,6537.75,1791.41
2024-07-27,North,Keyboard,Accessories,9,416.58,3749.22,441.88
2024-07-27,South,Laptop,Electronics,6,638.34,3830.04,402.62
2024-07-27,East,Mouse,Accessories,5,836.58,4182.91,365.59
2024-07-27,West,Tablet,Electronics,7,839.52,5876.64,1335.94
2024-07-28,North,Tablet,Electronics,2,1181.92,2363.83,463.18
2024-07-28,South,Tablet,Electronics,6,434.72,2608.34,522.68
2024-07-28,East,Monitor,Accessories,9,238.41,2145.73,407.74
2024-07-28,West,Laptop,Electronics,1,1077.31,1077.31,100.21
2024-07-29,North,Laptop,Electronics,9,700.78,6307.02,566.09
2024-07-29,South,Tablet,Electronics,6,1385.44,8312.65,1859.12
2024-07-29,East,Keyboard,Accessories,9,447.4,4026.63,1013.78
2024-07-29,West,Keyboard,Accessories,9,550.75,4956.71,663.72
2024-07-30,North,Monitor,Accessories,5,1291.98,6459.89,1455.37
2024-07-30,South,Monitor,Accessories,7,846.5,5925.49,758.44
2024-07-30,East,Smartphone,Electronics,4,1190.0,4759.99,1111.99
2024-07-30,West,Smartphone,Electronics,1,86.53,86.53,22.48
2024-07-31,North,Mouse,Accessories,1,1456.87,1456.87,232.25
2024-07-31,South,Monitor,Accessories,8,1072.06,8576.5,2180.85
2024-07-31,East,Laptop,Electronics,1,1452.2,1452.2,91.37
2024-07-31,West,Laptop,Electronics,5,1091.76,5458.79,1450.18
2024-08-01,North,Keyboard,Accessories,3,1431.08,4293.23,458.01
2024-08-01,South,Tablet,Electronics,9,278.05,2502.42,318.93
2024-08-01,East,Smartphone,Electronics,8,1233.8,9870.37,1731.05
2024-08-01,West,Mouse,Accessories,8,1406.18,11249.45,2954.89
2024-08-02,North,Tablet,Electronics,3,67.63,202.88,44.33
2024-08-02,South,Monitor,Accessories,1,845.85,845.85,103.12
2024-08-02,East,Tablet,Electronics,5,561.79,2808.95,576.74
2024-08-02,West,Laptop,Electronics,5,1112.41,5562.07,840.61
2024-08-03,North,Mouse,Accessories,8,1186.45,9491.61,1152.66
2024-08-03,South,Laptop,Electronics,3,1032.43,3097.3,210.7
2024-08-03,East,Mouse,Accessories,7,1419.45,9936.15,2090.9
2024-08-03,West,Mouse,Accessories,7,966.81,6767.66,675.06
2024-08-04,North,Tablet,Electronics,6,921.6,5529.59,1645.55
2024-08-04,South,Smartphone,Electronics,9,1471.53,13243.81,885.69
2024-08-04,East,Keyboard,Accessories,1,199.53,199.53,37.3
2024-08-04,West,Monitor,Accessories,9,1119.93,10079.4,2279.34
2024-08-05,North,Laptop,Electronics,1,552.46,552.46,82.54
2024-08-05,South,Tablet,Electronics,3,347.73,1043.2,178.14
2024-08-05,East,Smartphone,Electronics,8,1002.3,8018.37,2342.44
2024-08-05,West,Tablet,Electronics,7,161.62,1131.34,77.94
2024-08-06,North,Mouse,Accessories,4,481.07,1924.29,140.51
2024-08-06,South,Monitor,Accessories,3,954.29,2862.87,607.29
2024-08-06,East,Mouse,Accessories,5,71.91,359.55,104.72
2024-08-06,West,Tablet,Electronics,9,1074.61,9671.52,1958.5
2024-08-07,North,Laptop,Electronics,4,411.81,1647.24,83.19
2024-08-07,South,Monitor,Accessories,1,219.75,219.75,35.66
2024-08-07,East,Keyboard,Accessories,6,1411.63,8469.8,437.64
2024-08-07,West,Mouse,Accessories,4,1066.65,4266.61,938.77
2024-08-08,North,Monitor,Accessories,1,72.32,72.32,14.16
2024-08-08,South,Laptop,Electronics,9,702.87,6325.82,1830.66
2024-08-08,East,Monitor,Accessories,9,1267.71,11409.41,1108.25
2024-08-08,West,Mouse,Accessories,6,197.74,1186.47,61.79
2024-08-09,North,Mouse,Accessories,2,184.31,368.61,87.4
2024-08-09,South,Laptop,Electronics,4,679.88,2719.54,627.84
2024-08-09,East,Smartphone,Electronics,3,904.71,2714.12,551.84
2024-08-09,West,Laptop,Electronics,9,400.93,3608.39,824.56
2024-08-10,North,Laptop,Electronics,5,1322.33,6611.66,1551.63
2024-08-10,South,Laptop,Electronics,9,72.93,656.36,45.48
2024-08-10,East,Smartphone,Electronics,8,564.55,4516.39,705.43
2024-08-10,West,Mouse,Accessories,1,1025.66,1025.66,72.09
2024-08-11,North,Smartphone,Electronics,2,1217.38,2434.76,622.68
2024-08-11,South,Tablet,Electronics,8,340.41,2723.27,556.08
2024-08-11,East,Laptop,Electronics,7,1119.98,7839.86,1414.02
2024-08-11,West,Tablet,Electronics,1,1385.11,1385.11,271.64
2024-08-12,North,Laptop,Electronics,7,439.84,3078.86,437.54
2024-08-12,South,Mouse,Accessories,5,1016.37,5081.86,1254.44
2024-08-12,East,Keyboard,Accessories,2,963.86,1927.72,216.09
2024-08-12,West,Monitor,Accessories,6,670.02,4020.13,645.78
2024-08-13,North,Monitor,Accessories,5,1186.78,5933.91,918.85
2024-08-13,South,Mouse,Accessories,9,341.59,3074.34,607.36
2024-08-13,East,Keyboard,Accessories,6,91.05,546.31,56.0
2024-08-13,West,Laptop,Electronics,7,1083.79,7586.54,401.12
2024-08-14,North,Laptop,Electronics,1,1389.84,1389.84,108.37
2024-08-14,South,Keyboard,Accessories,5,1190.46,5952.29,1700.17
2024-08-14,East,Smartphone,Electronics,7,1094.82,7663.74,1966.68
2024-08-14,West,Tablet,Electronics,3,1218.47,3655.42,190.05
2024-08-15,North,Monitor,Accessories,8,852.4,6819.21,775.48
2024-08-15,South,Keyboard,Accessories,4,1315.32,5261.29,1352.3
2024-08-15,East,Mouse,Accessories,7,1431.58,10021.07,1319.63
2024-08-15,West,Smartphone,Electronics,1,783.17,783.17,223.42
2024-08-16,North,Laptop,Electronics,1,198.72,198.72,29.45
2024-08-16,South,Tablet,Electronics,3,555.89,1667.67,300.85
2024-08-16,East,Keyboard,Accessories,7,1264.97,8854.77,2343.78
2024-08-16,West,Tablet,Electronics,9,69.21,622.93,77.23
2024-08-17,North,Keyboard,Accessories,7,309.92,2169.42,484.84
2024-08-17,South,Keyboard,Accessories,1,1123.91,1123.91,298.67
2024-08-17,East,Keyboard,Accessories,6,1194.68,7168.06,890.25
2024-08-17,West,Mouse,Accessories,1,550.58,550.58,84.54
2024-08-18,North,Smartphone,Electronics,3,400.23,1200.69,166.38
2024-08-18,South,Monitor,Accessories,3,372.42,1117.27,200.89
2024-08-18,East,Monitor,Accessories,7,133.71,935.98,138.3
2024-08-18,West,Tablet,Electronics,6,368.35,2210.12,640.86
2024-08-19,North,Tablet,Electronics,9,652.87,5875.87,923.9
2024-08-19,South,Tablet,Electronics,3,1059.82,3179.47,717.09
2024-08-19,East,Laptop,Electronics,2,524.95,1049.9,195.99
2024-08-19,West,Laptop,Electronics,2,82.11,164.21,47.01
2024-08-20,North,Laptop,Electronics,5,219.95,1099.73,147.7
2024-08-20,South,Smartphone,Electronics,1,349.07,349.07,51.65
2024-08-20,East,Laptop,Electronics,3,346.26,1038.78,183.81
2024-08-20,West,Keyboard,Accessories,1,76.28,76.28,18.93
2024-08-21,North,Laptop,Electronics,3,862.98,2588.95,536.19
2024-08-21,South,Smartphone,Electronics,9,1110.41,9993.68,2241.77
2024-08-21,East,Laptop,Electronics,9,1317.55,11857.93,1195.98
2024-08-21,West,Monitor,Accessories,3,463.99,1391.96,254.58
2024-08-22,North,Keyboard,Accessories,3,1239.87,3719.6,562.19
2024-08-22,South,Tablet,Electronics,5,644.12,3220.61,682.59
2024-08-22,East,Smartphone,Electronics,3,457.28,1371.84,139.91
2024-08-22,West,Mouse,Accessories,6,614.64,3687.82,683.87
2024-08-23,North,Monitor,Accessories,4,990.06,3960.24,271.38
2024-08-23,South,Smartphone,Electronics,6,678.53,4071.21,1218.49
2024-08-23,East,Tablet,Electronics,3,369.16,1107.48,152.42
2024-08-23,West,Tablet,Electronics,7,585.88,4101.18,681.04
2024-08-24,North,Monitor,Accessories,2,1009.44,2018.88,345.22
2024-08-24,South,Monitor,Accessories,2,1170.57,2341.15,438.04
2024-08-24,East,Laptop,Electronics,4,1161.45,4645.79,910.24
2024-08-24,West,Keyboard,Accessories,7,1032.34,7226.36,1731.62
2024-08-25,North,Tablet,Electronics,5,350.5,1752.51,400.11
2024-08-25,South,Tablet,Electronics,7,1010.6,7074.21,967.33
2024-08-25,East,Mouse,Accessories,1,424.43,424.43,85.46
2024-08-25,West,Keyboard,Accessories,4,1286.25,5144.99,953.94
2024-08-26,North,Mouse,Accessories,6,610.01,3660.04,721.49
2024-08-26,South,Laptop,Electronics,8,919.67,7357.35,1952.48
2024-08-26,East,Mouse,Accessories,1,897.77,897.77,74.89
2024-08-26,West,Tablet,Electronics,7,1006.29,7044.03,1754.39
2024-08-27,North,Mouse,Accessories,6,823.21,4939.29,1033.25
2024-08-27,South,Tablet,Electronics,1,816.65,816.65,209.45
2024-08-27,East,Keyboard,Accessories,4,1244.46,4977.85,327.47
2024-08-27,West,Keyboard,Accessories,4,719.21,2876.83,851.04
2024-08-28,North,Monitor,Accessories,5,1134.37,5671.83,497.15
2024-08-28,South,Laptop,Electronics,5,426.39,2131.93,124.55
2024-08-28,East,Keyboard,Accessories,3,1245.27,3735.82,775.22
2024-08-28,West,Mouse,Accessories,2,1186.47,2372.94,373.14
2024-08-29,North,Mouse,Accessories,8,521.67,4173.37,1148.68
2024-08-29,South,Keyboard,Accessories,6,186.77,1120.65,265.6
2024-08-29,East,Laptop,Electronics,6,1074.91,6449.49,1882.06
2024-08-29,West,Tablet,Electronics,4,1359.49,5437.94,1541.07
2024-08-30,North,Tablet,Electronics,3,1496.56,4489.68,495.54
2024-08-30,South,Keyboard,Accessories,1,1443.68,1443.68,394.02
2024-08-30,East,Keyboard,Accessories,3,638.72,1916.15,102.37
2024-08-30,West,Monitor,Accessories,5,386.43,1932.13,103.55
2024-08-31,North,Mouse,Accessories,8,954.43,7635.42,1836.9
2024-08-31,South,Tablet,Electronics,3,1410.7,4232.1,650.49
2024-08-31,East,Keyboard,Accessories,3,892.38,2677.13,796.9
2024-08-31,West,Tablet,Electronics,2,1075.73,2151.45,316.93
2024-09-01,North,Monitor,Accessories,3,1309.2,3927.59,568.64
2024-09-01,South,Smartphone,Electronics,7,946.86,6628.05,1380.41
2024-09-01,East,Keyboard,Accessories,3,692.44,2077.31,360.49
2024-09-01,West,Mouse,Accessories,1,718.69,718.69,204.81
2024-09-02,North,Mouse,Accessories,2,575.53,1151.05,306.08
2024-09-02,South,Tablet,Electronics,5,965.88,4829.42,307.14
2024-09-02,East,Tablet,Electronics,9,990.53,8914.74,1059.27
2024-09-02,West,Tablet,Electronics,1,972.11,972.11,194.25
2024-09-03,North,Monitor,Accessories,6,710.0,4260.0,924.16
2024-09-03,South,Keyboard,Accessories,2,77.76,155.52,38.07
2024-09-03,East,Tablet,Electronics,8,1214.08,9712.61,2818.89
2024-09-03,West,Tablet,Electronics,8,1432.63,11461.01,3099.1
2024-09-04,North,Smartphone,Electronics,5,1259.0,6294.99,1326.0
2024-09-04,South,Mouse,Accessories,8,187.62,1500.94,297.97
2024-09-04,East,Monitor,Accessories,8,146.47,1171.72,126.19
2024-09-04,West,Laptop,Electronics,4,1327.41,5309.64,1437.47
2024-09-05,North,Mouse,Accessories,7,777.28,5440.99,1599.91
2024-09-05,South,Tablet,Electronics,5,1210.11,6050.53,1640.58
2024-09-05,East,Laptop,Electronics,3,340.8,1022.41,106.39
2024-09-05,West,Laptop,Electronics,7,947.54,6632.76,1891.62
2024-09-06,North,Keyboard,Accessories,4,553.89,2215.54,351.94
2024-09-06,South,Monitor,Accessories,1,1020.5,1020.5,278.57
2024-09-06,East,Keyboard,Accessories,3,850.22,2550.67,630.91
2024-09-06,West,Monitor,Accessories,2,738.68,1477.36,94.26
2024-09-07,North,Smartphone,Electronics,4,685.76,2743.05,500.53
2024-09-07,South,Keyboard,Accessories,9,1453.25,13079.29,2091.84
2024-09-07,East,Tablet,Electronics,8,368.57,2948.6,162.56
2024-09-07,West,Smartphone,Electronics,7,580.11,4060.8,562.11
2024-09-08,North,Keyboard,Accessories,4,355.24,1420.94,358.44
2024-09-08,South,Smartphone,Electronics,6,1303.76,7822.53,694.1
2024-09-08,East,Mouse,Accessories,2,1252.51,2505.01,567.81
2024-09-08,West,Mouse,Accessories,5,743.82,3719.1,911.7
2024-09-09,North,Mouse,Accessories,8,954.8,7638.38,904.46
2024-09-09,South,Mouse,Accessories,7,169.29,1185.06,195.41
2024-09-09,East,Smartphone,Electronics,9,1087.02,9783.18,1178.68
2024-09-09,West,Smartphone,Electronics,9,326.55,2938.97,401.95
2024-09-10,North,Smartphone,Electronics,3,1488.07,4464.21,964.49
2024-09-10,South,Smartphone,Electronics,7,1268.16,8877.1,2639.72
2024-09-10,East,Laptop,Electronics,8,588.63,4709.02,465.21
2024-09-10,West,Smartphone,Electronics,9,764.23,6878.03,1174.73
2024-09-11,North,Tablet,Electronics,7,219.67,1537.67,384.31
2024-09-11,South,Monitor,Accessories,9,795.08,7155.75,1973.73
2024-09-11,East,Keyboard,Accessories,1,1235.89,1235.89,219.42
2024-09-11,West,Keyboard,Accessories,9,793.7,7143.31,1910.13
2024-09-12,North,Mouse,Accessories,4,1456.84,5827.36,1649.61
2024-09-12,South,Keyboard,Accessories,6,240.9,1445.39,381.11
2024-09-12,East,Keyboard,Accessories,3,367.13,1101.39,105.41
2024-09-12,West,Smartphone,Electronics,6,925.58,5553.5,1078.23
2024-09-13,North,Mouse,Accessories,9,1189.18,10702.64,1211.53
2024-09-13,South,Smartphone,Electronics,3,1346.28,4038.84,542.7
2024-09-13,East,Tablet,Electronics,5,303.93,1519.64,331.57
2024-09-13,West,Laptop,Electronics,5,1317.4,6587.02,740.49
2024-09-14,North,Mouse,Accessories,4,50.95,203.79,54.55
2024-09-14,South,Smartphone,Electronics,1,959.63,959.63,227.98
2024-09-14,East,Mouse,Accessories,4,714.57,2858.28,393.88
2024-09-14,West,Laptop,Electronics,8,754.89,6039.11,1692.07
2024-09-15,North,Keyboard,Accessories,7,472.62,3308.33,337.07
2024-09-15,South,Smartphone,Electronics,7,59.33,415.32,100.98
2024-09-15,East,Keyboard,Accessories,7,756.53,5295.74,834.06
2024-09-15,West,Laptop,Electronics,7,1406.0,9842.0,1416.77
2024-09-16,North,Mouse,Accessories,2,297.53,595.05,34.28
2024-09-16,South,Keyboard,Accessories,7,987.57,6912.99,737.51
2024-09-16,East,Laptop,Electronics,4,789.29,3157.15,553.51
2024-09-16,West,Monitor,Accessories,1,1286.82,1286.82,363.01
2024-09-17,North,Laptop,Electronics,3,1142.91,3428.74,356.16
2024-09-17,South,Monitor,Accessories,1,1171.4,1171.4,326.52
2024-09-17,East,Tablet,Electronics,1,935.62,935.62,93.52
2024-09-17,West,Tablet,Electronics,7,231.96,1623.69,394.87
2024-09-18,North,Smartphone,Electronics,5,870.38,4351.92,1228.49
2024-09-18,South,Mouse,Accessories,6,145.94,875.64,47.98
2024-09-18,East,Tablet,Electronics,6,176.95,1061.67,128.14
2024-09-18,West,Tablet,Electronics,8,93.65,749.2,217.55
2024-09-19,North,Tablet,Electronics,7,434.97,3044.79,617.68
2024-09-19,South,Tablet,Electronics,8,510.45,4083.58,1070.01
2024-09-19,East,Keyboard,Accessories,3,784.18,2352.54,323.72
2024-09-19,West,Laptop,Electronics,4,1446.87,5787.49,304.25
2024-09-20,North,Laptop,Electronics,9,552.98,4976.86,790.88
2024-09-20,South,Tablet,Electronics,3,256.27,768.81,98.63
2024-09-20,East,Monitor,Accessories,1,179.04,179.04,53.34
2024-09-20,West,Laptop,Electronics,8,1411.54,11292.36,1842.95
2024-09-21,North,Mouse,Accessories,9,397.98,3581.86,814.99
2024-09-21,South,Mouse,Accessories,9,1374.19,12367.69,1203.97
2024-09-21,East,Mouse,Accessories,6,1009.77,6058.65,1440.71
2024-09-21,West,Smartphone,Electronics,3,1361.32,4083.97,1038.76
2024-09-22,North,Smartphone,Electronics,1,59.97,59.97,6.18
2024-09-22,South,Keyboard,Accessories,2,1291.39,2582.78,359.5
2024-09-22,East,Monitor,Accessories,7,477.85,3344.98,417.17
2024-09-22,West,Laptop,Electronics,6,326.38,1958.31,188.31
2024-09-23,North,Smartphone,Electronics,5,673.44,3367.19,867.85
2024-09-23,South,Mouse,Accessories,5,1115.64,5578.21,1020.05
2024-09-23,East,Mouse,Accessories,4,1114.13,4456.52,927.22
2024-09-23,West,Laptop,Electronics,5,564.94,2824.7,173.19
2024-09-24,North,Monitor,Accessories,7,1005.06,7035.41,1990.24
2024-09-24,South,Monitor,Accessories,3,871.58,2614.73,560.23
2024-09-24,East,Tablet,Electronics,8,629.3,5034.42,663.03
2024-09-24,West,Laptop,Electronics,8,1248.5,9987.99,2499.45
2024-09-25,North,Keyboard,Accessories,5,722.77,3613.87,287.94
2024-09-25,South,Keyboard,Accessories,6,361.31,2167.85,144.83
2024-09-25,East,Smartphone,Electronics,1,1064.57,1064.57,217.42
2024-09-25,West,Tablet,Electronics,7,300.16,2101.12,403.4
2024-09-26,North,Keyboard,Accessories,6,664.14,3984.87,989.81
2024-09-26,South,Smartphone,Electronics,5,398.1,1990.51,171.34
2024-09-26,East,Monitor,Accessories,9,1053.42,9480.75,1559.41
2024-09-26,West,Keyboard,Accessories,1,416.64,416.64,81.0
2024-09-27,North,Mouse,Accessories,5,1130.51,5652.55,390.65
2024-09-27,South,Tablet,Electronics,8,279.54,2236.33,140.77
2024-09-27,East,Mouse,Accessories,1,1260.16,1260.16,175.9
2024-09-27,West,Keyboard,Accessories,6,870.25,5221.49,499.53
2024-09-28,North,Keyboard,Accessories,6,1154.73,6928.39,1700.06
2024-09-28,South,Keyboard,Accessories,8,1402.2,11217.64,893.61
2024-09-28,East,Mouse,Accessories,1,660.1,660.1,132.3
2024-09-28,West,Keyboard,Accessories,4,412.17,1648.68,352.06
2024-09-29,North,Smartphone,Electronics,2,531.56,1063.12,299.83
2024-09-29,South,Mouse,Accessories,7,655.62,4589.32,362.97
2024-09-29,East,Tablet,Electronics,3,161.36,484.09,67.13
2024-09-29,West,Monitor,Accessories,3,634.65,1903.95,492.0
2024-09-30,North,Keyboard,Accessories,1,1353.93,1353.93,393.4
2024-09-30,South,Tablet,Electronics,4,649.1,2596.4,568.5
2024-09-30,East,Mouse,Accessories,5,151.66,758.28,112.84
2024-09-30,West,Monitor,Accessories,8,277.38,2219.03,569.9
2024-10-01,North,Mouse,Accessories,4,657.82,2631.26,242.21
2024-10-01,South,Keyboard,Accessories,2,857.71,1715.42,185.0
2024-10-01,East,Tablet,Electronics,9,503.92,4535.3,1175.21
2024-10-01,West,Monitor,Accessories,3,600.44,1801.33,232.64
2024-10-02,North,Tablet,Electronics,6,820.38,4922.26,1079.74
2024-10-02,South,Keyboard,Accessories,7,1110.67,7774.69,1991.24
2024-10-02,East,Keyboard,Accessories,7,1257.75,8804.24,1629.44
2024-10-02,West,Smartphone,Electronics,4,1163.79,4655.14,815.21
2024-10-03,North,Smartphone,Electronics,2,411.78,823.56,153.9
2024-10-03,South,Laptop,Electronics,5,1357.3,6786.48,704.44
2024-10-03,East,Tablet,Electronics,3,1251.31,3753.92,856.69
2024-10-03,West,Monitor,Accessories,4,389.15,1556.6,159.9
2024-10-04,North,Mouse,Accessories,8,1217.87,9742.99,2793.21
2024-10-04,South,Monitor,Accessories,6,1185.78,7114.69,828.73
2024-10-04,East,Tablet,Electronics,3,1496.55,4489.66,439.01
2024-10-04,West,Mouse,Accessories,1,674.93,674.93,85.12
2024-10-05,North,Laptop,Electronics,7,145.25,1016.77,276.34
2024-10-05,South,Keyboard,Accessories,4,842.36,3369.46,519.9
2024-10-05,East,Monitor,Accessories,2,297.86,595.72,92.06
2024-10-05,West,Laptop,Electronics,9,1051.09,9459.79,1278.36
2024-10-06,North,Laptop,Electronics,9,1009.49,9085.43,1822.65
2024-10-06,South,Smartphone,Electronics,3,390.74,1172.23,301.89
2024-10-06,East,Mouse,Accessories,7,246.42,1724.91,186.06
2024-10-06,West,Smartphone,Electronics,9,658.46,5926.14,371.31
2024-10-07,North,Tablet,Electronics,1,64.05,64.05,16.94
2024-10-07,South,Tablet,Electronics,6,1183.34,7100.05,911.84
2024-10-07,East,Smartphone,Electronics,4,1462.01,5848.04,1088.03
2024-10-07,West,Tablet,Electronics,8,1361.15,10889.22,1564.57
2024-10-08,North,Mouse,Accessories,8,185.13,1481.07,226.05
2024-10-08,South,Tablet,Electronics,1,371.58,371.58,48.08
2024-10-08,East,Monitor,Accessories,5,177.01,885.04,64.15
2024-10-08,West,Monitor,Accessories,6,539.31,3235.85,866.15
2024-10-09,North,Mouse,Accessories,7,356.13,2492.93,593.61
2024-10-09,South,Keyboard,Accessories,4,764.18,3056.71,490.68
2024-10-09,East,Tablet,Electronics,4,1056.02,4224.07,794.93
2024-10-09,West,Keyboard,Accessories,5,1217.88,6089.38,1461.7
2024-10-10,North,Monitor,Accessories,4,1114.16,4456.65,608.96
2024-10-10,South,Smartphone,Electronics,6,232.07,1392.42,129.25
2024-10-10,East,Mouse,Accessories,4,898.02,3592.06,482.71
2024-10-10,West,Smartphone,Electronics,6,426.75,2560.5,695.23
2024-10-11,North,Monitor,Accessories,4,227.06,908.25,70.65
2024-10-11,South,Mouse,Accessories,6,1318.92,7913.53,1959.63
2024-10-11,East,Monitor,Accessories,9,841.09,7569.85,578.32
2024-10-11,West,Keyboard,Accessories,4,1001.76,4007.04,736.45
2024-10-12,North,Mouse,Accessories,4,442.43,1769.73,124.43
2024-10-12,South,Smartphone,Electronics,9,276.49,2488.43,739.33
2024-10-12,East,Tablet,Electronics,3,887.82,2663.46,709.88
2024-10-12,West,Tablet,Electronics,5,1163.61,5818.04,922.69
2024-10-13,North,Smartphone,Electronics,2,947.22,1894.44,409.85
2024-10-13,South,Mouse,Accessories,7,1404.93,9834.5,2185.93
2024-10-13,East,Laptop,Electronics,7,194.34,1360.4,273.17
2024-10-13,West,Smartphone,Electronics,1,1340.37,1340.37,399.42
2024-10-14,North,Laptop,Electronics,5,1159.78,5798.88,656.76
2024-10-14,South,Monitor,Accessories,3,232.64,697.91,205.73
2024-10-14,East,Tablet,Electronics,3,520.28,1560.83,342.01
2024-10-14,West,Laptop,Electronics,6,924.57,5547.41,1223.94
2024-10-15,North,Monitor,Accessories,6,672.14,4032.84,479.83
2024-10-15,South,Laptop,Electronics,8,519.54,4156.31,894.79
2024-10-15,East,Mouse,Accessories,5,993.12,4965.58,511.87
2024-10-15,West,Laptop,Electronics,4,1067.01,4268.02,334.44
2024-10-16,North,Smartphone,Electronics,9,1396.85,12571.62,1671.94
2024-10-16,South,Monitor,Accessories,9,952.96,8576.66,2158.65
2024-10-16,East,Monitor,Accessories,7,965.49,6758.46,1058.37
2024-10-16,West,Monitor,Accessories,4,303.24,1212.95,150.39
2024-10-17,North,Laptop,Electronics,2,123.1,246.21,67.12
2024-10-17,South,Monitor,Accessories,4,867.68,3470.73,607.62
2024-10-17,East,Smartphone,Electronics,5,921.32,4606.61,623.0
2024-10-17,West,Smartphone,Electronics,6,257.76,1546.55,353.66
2024-10-18,North,Monitor,Accessories,6,811.93,4871.59,1093.47
2024-10-18,South,Monitor,Accessories,8,1198.68,9589.42,2100.95
2024-10-18,East,Monitor,Accessories,4,1421.59,5686.36,704.86
2024-10-18,West,Keyboard,Accessories,5,1009.66,5048.3,1052.21
2024-10-19,North,Mouse,Accessories,7,73.55,514.87,119.55
2024-10-19,South,Laptop,Electronics,7,857.04,5999.27,814.0
2024-10-19,East,Monitor,Accessories,1,1255.7,1255.7,351.09
2024-10-19,West,Smartphone,Electronics,5,199.98,999.9,150.49
2024-10-20,North,Tablet,Electronics,1,69.77,69.77,9.12
2024-10-20,South,Monitor,Accessories,3,264.92,794.75,58.04
2024-10-20,East,Keyboard,Accessories,4,870.33,3481.32,621.82
2024-10-20,West,Mouse,Accessories,9,606.86,5461.76,1182.84
2024-10-21,North,Keyboard,Accessories,9,615.35,5538.19,941.56
2024-10-21,South,Monitor,Accessories,7,167.51,1172.54,301.85
2024-10-21,East,Mouse,Accessories,8,636.85,5094.81,366.38
2024-10-21,West,Tablet,Electronics,4,894.94,3579.74,906.1
2024-10-22,North,Smartphone,Electronics,5,493.33,2466.64,371.66
2024-10-22,South,Keyboard,Accessories,4,1039.18,4156.71,535.43
2024-10-22,East,Tablet,Electronics,1,966.97,966.97,79.37
2024-10-22,West,Tablet,Electronics,4,1065.89,4263.55,1016.29
2024-10-23,North,Monitor,Accessories,3,774.94,2324.82,540.67
2024-10-23,South,Keyboard,Accessories,9,462.59,4163.27,669.28
2024-10-23,East,Keyboard,Accessories,6,387.18,2323.11,247.43
2024-10-23,West,Smartphone,Electronics,3,743.81,2231.44,438.23
2024-10-24,North,Monitor,Accessories,9,174.75,1572.72,101.06
2024-10-24,South,Tablet,Electronics,7,388.92,2722.47,570.2
2024-10-24,East,Tablet,Electronics,6,808.66,4851.95,572.27
2024-10-24,West,Mouse,Accessories,4,496.27,1985.07,403.78
2024-10-25,North,Laptop,Electronics,3,1224.39,3673.17,719.14
2024-10-25,South,Mouse,Accessories,8,158.23,1265.81,350.54
2024-10-25,East,Monitor,Accessories,9,1065.63,9590.63,2326.8
2024-10-25,West,Monitor,Accessories,3,1371.44,4114.33,227.25
2024-10-26,North,Laptop,Electronics,9,1258.15,11323.32,1423.96
2024-10-26,South,Monitor,Accessories,6,960.77,5764.64,1629.44
2024-10-26,East,Mouse,Accessories,6,848.18,5089.1,1259.57
2024-10-26,West,Smartphone,Electronics,9,597.87,5380.8,352.49
2024-10-27,North,Tablet,Electronics,1,783.6,783.6,70.9
2024-10-27,South,Mouse,Accessories,1,204.19,204.19,16.04
2024-10-27,East,Monitor,Accessories,8,1479.42,11835.34,592.32
2024-10-27,West,Tablet,Electronics,5,690.95,3454.74,732.61
2024-10-28,North,Mouse,Accessories,7,651.69,4561.85,1061.19
2024-10-28,South,Laptop,Electronics,2,336.58,673.15,64.04
2024-10-28,East,Laptop,Electronics,7,811.62,5681.37,442.02
2024-10-28,West,Tablet,Electronics,4,481.17,1924.7,174.44
2024-10-29,North,Monitor,Accessories,2,105.23,210.45,43.14
2024-10-29,South,Mouse,Accessories,4,850.93,3403.72,676.69
2024-10-29,East,Laptop,Electronics,3,218.89,656.68,74.58
2024-10-29,West,Monitor,Accessories,2,818.46,1636.91,359.46
2024-10-30,North,Mouse,Accessories,9,624.65,5621.88,697.57
2024-10-30,South,Tablet,Electronics,4,940.88,3763.52,680.88
2024-10-30,East,Mouse,Accessories,7,778.61,5450.28,546.08
2024-10-30,West,Mouse,Accessories,2,963.64,1927.27,495.62
2024-10-31,North,Smartphone,Electronics,5,333.04,1665.18,365.71
2024-10-31,South,Smartphone,Electronics,7,522.24,3655.7,543.0
2024-10-31,East,Monitor,Accessories,8,1212.44,9699.54,1623.51
2024-10-31,West,Smartphone,Electronics,5,65.22,326.08,89.27
2024-11-01,North,Smartphone,Electronics,5,1189.59,5947.96,1216.26
2024-11-01,South,Laptop,Electronics,6,174.89,1049.35,266.11
2024-11-01,East,Laptop,Electronics,5,687.79,3438.95,725.58
2024-11-01,West,Keyboard,Accessories,6,234.29,1405.74,136.81
2024-11-02,North,Smartphone,Electronics,6,363.68,2182.1,350.54
2024-11-02,South,Tablet,Electronics,4,339.15,1356.59,157.52
2024-11-02,East,Smartphone,Electronics,8,854.3,6834.37,1752.9
2024-11-02,West,Mouse,Accessories,9,695.81,6262.29,335.92
2024-11-03,North,Tablet,Electronics,7,927.38,6491.66,682.42
2024-11-03,South,Laptop,Electronics,9,80.48,724.33,184.63
2024-11-03,East,Keyboard,Accessories,7,1192.23,8345.58,1008.49
2024-11-03,West,Tablet,Electronics,7,592.02,4144.15,855.07
2024-11-04,North,Tablet,Electronics,3,317.47,952.4,95.79
2024-11-04,South,Tablet,Electronics,6,608.4,3650.39,962.61
2024-11-04,East,Keyboard,Accessories,3,1331.17,3993.51,469.86
2024-11-04,West,Smartphone,Electronics,4,737.93,2951.72,153.0
2024-11-05,North,Tablet,Electronics,8,882.11,7056.84,1351.42
2024-11-05,South,Laptop,Electronics,5,120.61,603.04,44.93
2024-11-05,East,Mouse,Accessories,2,318.65,637.3,118.1
2024-11-05,West,Keyboard,Accessories,1,529.07,529.07,104.39
2024-11-06,North,Laptop,Electronics,9,1408.55,12676.91,3752.46
2024-11-06,South,Monitor,Accessories,9,290.81,2617.28,169.54
2024-11-06,East,Mouse,Accessories,5,1426.02,7130.11,610.62
2024-11-06,West,Keyboard,Accessories,2,1024.97,2049.93,189.55
2024-11-07,North,Monitor,Accessories,3,530.16,1590.49,384.09
2024-11-07,South,Laptop,Electronics,8,996.81,7974.49,1554.27
2024-11-07,East,Monitor,Accessories,9,192.72,1734.44,501.56
2024-11-07,West,Mouse,Accessories,8,507.28,4058.22,601.78
2024-11-08,North,Keyboard,Accessories,5,190.6,953.0,90.3
2024-11-08,South,Smartphone,Electronics,2,902.16,1804.32,140.9
2024-11-08,East,Monitor,Accessories,2,960.23,1920.46,406.88
2024-11-08,West,Tablet,Electronics,3,521.14,1563.41,346.8
2024-11-09,North,Mouse,Accessories,6,1108.85,6653.12,1147.45
2024-11-09,South,Laptop,Electronics,3,1122.54,3367.62,683.86
2024-11-09,East,Mouse,Accessories,3,534.58,1603.74,373.22
2024-11-09,West,Monitor,Accessories,1,1257.29,1257.29,315.63
2024-11-10,North,Keyboard,Accessories,1,1437.94,1437.94,391.89
2024-11-10,South,Tablet,Electronics,8,845.45,6763.63,1019.18
2024-11-10,East,Monitor,Accessories,6,135.81,814.84,169.65
2024-11-10,West,Tablet,Electronics,8,280.17,2241.35,643.98
2024-11-11,North,Keyboard,Accessories,8,234.98,1879.81,286.24
2024-11-11,South,Mouse,Accessories,7,489.1,3423.72,796.77
2024-11-11,East,Tablet,Electronics,7,904.08,6328.55,1801.53
2024-11-11,West,Smartphone,Electronics,7,403.51,2824.59,604.39
2024-11-12,North,Tablet,Electronics,2,150.27,300.55,77.2
2024-11-12,South,Tablet,Electronics,7,1181.31,8269.16,1579.19
2024-11-12,East,Mouse,Accessories,9,1129.87,10168.81,1556.85
2024-11-12,West,Keyboard,Accessories,8,934.66,7477.25,1286.42
2024-11-13,North,Monitor,Accessories,5,1372.34,6861.71,447.6
2024-11-13,South,Monitor,Accessories,9,314.99,2834.9,367.86
2024-11-13,East,Laptop,Electronics,6,1366.62,8199.73,907.26
2024-11-13,West,Mouse,Accessories,2,1415.14,2830.28,264.92
2024-11-14,North,Tablet,Electronics,1,182.56,182.56,37.68
2024-11-14,South,Laptop,Electronics,4,640.68,2562.72,462.17
2024-11-14,East,Mouse,Accessories,1,334.63,334.63,18.62
2024-11-14,West,Monitor,Accessories,2,1341.45,2682.91,534.53
2024-11-15,North,Tablet,Electronics,7,673.03,4711.18,1118.74
2024-11-15,South,Tablet,Electronics,9,879.58,7916.2,753.59
2024-11-15,East,Smartphone,Electronics,8,407.94,3263.54,413.18
2024-11-15,West,Keyboard,Accessories,6,905.0,5429.99,362.96
2024-11-16,North,Laptop,Electronics,7,1098.45,7689.18,1869.76
2024-11-16,South,Laptop,Electronics,4,889.52,3558.07,190.9
2024-11-16,East,Keyboard,Accessories,9,927.02,8343.15,1225.3
2024-11-16,West,Laptop,Electronics,9,475.63,4280.63,498.69
2024-11-17,North,Tablet,Electronics,9,1334.95,12014.54,1977.95
2024-11-17,South,Monitor,Accessories,2,1334.58,2669.15,678.02
2024-11-17,East,Monitor,Accessories,9,1325.64,11930.77,743.35
2024-11-17,West,Mouse,Accessories,9,249.56,2246.07,112.83
2024-11-18,North,Keyboard,Accessories,4,775.08,3100.34,678.12
2024-11-18,South,Smartphone,Electronics,8,108.42,867.35,154.44
2024-11-18,East,Mouse,Accessories,8,1400.96,11207.7,2298.62
2024-11-18,West,Keyboard,Accessories,7,609.61,4267.29,612.3
2024-11-19,North,Keyboard,Accessories,7,269.49,1886.42,165.95
2024-11-19,South,Monitor,Accessories,7,239.54,1676.78,365.42
2024-11-19,East,Keyboard,Accessories,7,966.43,6764.99,1566.28
2024-11-19,West,Tablet,Electronics,3,669.83,2009.48,424.61
2024-11-20,North,Keyboard,Accessories,3,627.51,1882.52,97.33
2024-11-20,South,Mouse,Accessories,8,1246.56,9972.45,2480.79
2024-11-20,East,Monitor,Accessories,7,1159.53,8116.72,696.34
2024-11-20,West,Tablet,Electronics,6,980.27,5881.65,331.68
2024-11-21,North,Laptop,Electronics,9,1359.71,12237.39,1429.99
2024-11-21,South,Tablet,Electronics,8,169.49,1355.91,271.17
2024-11-21,East,Tablet,Electronics,1,488.58,488.58,129.31
2024-11-21,West,Tablet,Electronics,2,446.86,893.73,248.42
2024-11-22,North,Smartphone,Electronics,7,1287.33,9011.29,1189.85
2024-11-22,South,Laptop,Electronics,8,385.36,3082.85,341.87
2024-11-22,East,Mouse,Accessories,2,142.34,284.69,26.84
2024-11-22,West,Keyboard,Accessories,3,1430.96,4292.88,567.54
2024-11-23,North,Mouse,Accessories,8,1313.31,10506.52,1285.58
2024-11-23,South,Mouse,Accessories,7,240.95,1686.62,381.62
2024-11-23,East,Mouse,Accessories,4,956.22,3824.88,801.65
2024-11-23,West,Keyboard,Accessories,8,1296.54,10372.28,3006.59
2024-11-24,North,Mouse,Accessories,7,605.93,4241.48,390.51
2024-11-24,South,Tablet,Electronics,5,972.27,4861.34,731.38
2024-11-24,East,Keyboard,Accessories,9,496.42,4467.76,756.39
2024-11-24,West,Keyboard,Accessories,3,1078.61,3235.84,247.06
2024-11-25,North,Monitor,Accessories,1,491.15,491.15,41.66
2024-11-25,South,Smartphone,Electronics,2,494.14,988.27,129.98
2024-11-25,East,Mouse,Accessories,2,965.5,1930.99,227.16
2024-11-25,West,Tablet,Electronics,9,241.82,2176.36,640.71
2024-11-26,North,Keyboard,Accessories,4,839.17,3356.69,986.68
2024-11-26,South,Mouse,Accessories,9,298.81,2689.33,247.06
2024-11-26,East,Keyboard,Accessories,7,783.01,5481.04,969.81
2024-11-26,West,Mouse,Accessories,8,625.29,5002.36,842.91
2024-11-27,North,Keyboard,Accessories,9,913.28,8219.53,1264.05
2024-11-27,South,Keyboard,Accessories,5,1235.55,6177.77,1691.25
2024-11-27,East,Smartphone,Electronics,1,249.17,249.17,29.71
2024-11-27,West,Smartphone,Electronics,4,793.67,3174.67,413.39
2024-11-28,North,Mouse,Accessories,1,1493.81,1493.81,237.24
2024-11-28,South,Monitor,Accessories,3,129.36,388.09,39.22
2024-11-28,East,Keyboard,Accessories,9,202.84,1825.54,344.03
2024-11-28,West,Mouse,Accessories,6,1126.32,6757.94,621.42
2024-11-29,North,Mouse,Accessories,1,1099.84,1099.84,310.38
2024-11-29,South,Laptop,Electronics,1,222.75,222.75,39.67
2024-11-29,East,Smartphone,Electronics,1,1092.14,1092.14,84.81
2024-11-29,West,Monitor,Accessories,6,206.64,1239.85,134.1
2024-11-30,North,Smartphone,Electronics,8,106.49,851.91,126.04
2024-11-30,South,Smartphone,Electronics,6,544.8,3268.83,526.43
2024-11-30,East,Keyboard,Accessories,1,1299.1,1299.1,346.22
2024-11-30,West,Tablet,Electronics,2,718.06,1436.13,426.83
2024-12-01,North,Smartphone,Electronics,7,1144.13,8008.88,898.21
2024-12-01,South,Laptop,Electronics,4,1488.6,5954.39,1574.24
2024-12-01,East,Tablet,Electronics,5,825.26,4126.29,1092.19
2024-12-01,West,Monitor,Accessories,3,226.73,680.18,37.12
2024-12-02,North,Monitor,Accessories,8,149.54,1196.32,356.47
2024-12-02,South,Mouse,Accessories,1,248.68,248.68,45.86
2024-12-02,East,Tablet,Electronics,6,855.55,5133.28,630.57
2024-12-02,West,Tablet,Electronics,6,1467.37,8804.22,2218.37
2024-12-03,North,Tablet,Electronics,9,828.71,7458.39,1939.18
2024-12-03,South,Mouse,Accessories,2,481.59,963.19,119.93
2024-12-03,East,Mouse,Accessories,7,288.22,2017.51,495.88
2024-12-03,West,Mouse,Accessories,3,970.61,2911.84,235.75
2024-12-04,North,Monitor,Accessories,2,1368.67,2737.35,266.98
2024-12-04,South,Monitor,Accessories,5,839.71,4198.57,291.65
2024-12-04,East,Tablet,Electronics,1,408.09,408.09,108.11
2024-12-04,West,Monitor,Accessories,6,69.18,415.09,73.86
2024-12-05,North,Laptop,Electronics,4,1405.45,5621.81,1558.93
2024-12-05,South,Laptop,Electronics,7,1472.15,10305.06,2076.28
2024-12-05,East,Monitor,Accessories,2,596.73,1193.46,177.03
2024-12-05,West,Mouse,Accessories,7,908.72,6361.05,1432.72
2024-12-06,North,Smartphone,Electronics,1,779.85,779.85,194.27
2024-12-06,South,Laptop,Electronics,4,1011.88,4047.5,322.0
2024-12-06,East,Smartphone,Electronics,6,1200.04,7200.22,756.94
2024-12-06,West,Laptop,Electronics,7,1428.69,10000.81,1024.83
2024-12-07,North,Monitor,Accessories,1,112.5,112.5,10.66
2024-12-07,South,Tablet,Electronics,9,1073.64,9662.73,1699.89
2024-12-07,East,Smartphone,Electronics,1,786.81,786.81,161.34
2024-12-07,West,Mouse,Accessories,3,960.12,2880.36,282.29
2024-12-08,North,Smartphone,Electronics,1,1410.19,1410.19,394.02
2024-12-08,South,Tablet,Electronics,2,1389.91,2779.81,709.08
2024-12-08,East,Keyboard,Accessories,4,971.69,3886.74,540.22
2024-12-08,West,Smartphone,Electronics,2,1048.78,2097.55,394.31
2024-12-09,North,Monitor,Accessories,1,667.7,667.7,194.92
2024-12-09,South,Smartphone,Electronics,3,982.05,2946.16,589.93
2024-12-09,East,Laptop,Electronics,1,330.08,330.08,55.4
2024-12-09,West,Smartphone,Electronics,2,598.43,1196.85,214.62
2024-12-10,North,Keyboard,Accessories,9,1041.61,9374.51,528.13
2024-12-10,South,Smartphone,Electronics,1,1287.8,1287.8,297.9
2024-12-10,East,Tablet,Electronics,5,610.87,3054.35,214.25
2024-12-10,West,Mouse,Accessories,8,838.76,6710.09,724.02
2024-12-11,North,Laptop,Electronics,2,626.04,1252.09,139.47
2024-12-11,South,Laptop,Electronics,4,1392.79,5571.15,503.76
2024-12-11,East,Mouse,Accessories,8,1086.31,8690.47,956.43
2024-12-11,West,Smartphone,Electronics,7,459.43,3216.03,225.89
2024-12-12,North,Laptop,Electronics,2,1106.86,2213.72,277.53
2024-12-12,South,Keyboard,Accessories,2,341.83,683.66,186.34
2024-12-12,East,Keyboard,Accessories,4,1430.49,5721.96,1341.7
2024-12-12,West,Tablet,Electronics,9,505.36,4548.27,795.04
2024-12-13,North,Monitor,Accessories,5,1315.31,6576.54,472.05
2024-12-13,South,Smartphone,Electronics,9,1052.55,9472.98,1093.54
2024-12-13,East,Laptop,Electronics,2,1252.61,2505.22,244.47
2024-12-13,West,Laptop,Electronics,3,874.99,2624.96,631.42
2024-12-14,North,Laptop,Electronics,8,545.68,4365.45,691.59
2024-12-14,South,Smartphone,Electronics,3,1479.36,4438.09,1099.85
2024-12-14,East,Mouse,Accessories,7,541.87,3793.09,706.08
2024-12-14,West,Keyboard,Accessories,6,622.83,3736.96,234.74
2024-12-15,North,Smartphone,Electronics,6,1026.95,6161.68,1001.81
2024-12-15,South,Keyboard,Accessories,7,567.62,3973.37,829.19
2024-12-15,East,Laptop,Electronics,7,752.8,5269.6,298.88
2024-12-15,West,Monitor,Accessories,3,1452.54,4357.63,996.94
2024-12-16,North,Tablet,Electronics,2,669.3,1338.6,225.92
2024-12-16,South,Monitor,Accessories,1,1075.55,1075.55,121.58
2024-12-16,East,Smartphone,Electronics,5,348.67,1743.36,87.58
2024-12-16,West,Smartphone,Electronics,9,569.04,5121.39,683.27
2024-12-17,North,Laptop,Electronics,2,272.06,544.12,126.25
2024-12-17,South,Tablet,Electronics,7,1110.31,7772.19,1884.26
2024-12-17,East,Monitor,Accessories,3,545.38,1636.14,347.05
2024-12-17,West,Mouse,Accessories,4,223.1,892.41,117.76
2024-12-18,North,Tablet,Electronics,6,916.1,5496.62,815.75
2024-12-18,South,Tablet,Electronics,6,350.14,2100.84,552.21
2024-12-18,East,Keyboard,Accessories,7,1278.94,8952.61,854.57
2024-12-18,West,Tablet,Electronics,5,1074.58,5372.88,987.73
2024-12-19,North,Tablet,Electronics,6,357.03,2142.19,129.33
2024-12-19,South,Keyboard,Accessories,9,861.63,7754.67,2050.98
2024-12-19,East,Keyboard,Accessories,3,494.09,1482.27,172.34
2024-12-19,West,Smartphone,Electronics,6,815.0,4890.02,561.01
2024-12-20,North,Laptop,Electronics,1,225.89,225.89,28.39
2024-12-20,South,Tablet,Electronics,1,868.4,868.4,173.81
2024-12-20,East,Keyboard,Accessories,2,600.62,1201.24,245.41
2024-12-20,West,Monitor,Accessories,2,1105.07,2210.13,620.28
2024-12-21,North,Laptop,Electronics,2,316.49,632.98,83.61
2024-12-21,South,Tablet,Electronics,9,923.58,8312.22,1433.41
2024-12-21,East,Smartphone,Electronics,5,1105.62,5528.09,1400.19
2024-12-21,West,Monitor,Accessories,6,1137.43,6824.6,1714.88
2024-12-22,North,Monitor,Accessories,2,151.09,302.19,82.6
2024-12-22,South,Laptop,Electronics,1,1100.81,1100.81,285.22
2024-12-22,East,Keyboard,Accessories,6,537.67,3226.01,903.72
2024-12-22,West,Smartphone,Electronics,6,851.58,5109.49,1201.58
2024-12-23,North,Tablet,Electronics,8,1460.07,11680.55,2096.69
2024-12-23,South,Keyboard,Accessories,9,393.08,3537.76,604.51
2024-12-23,East,Tablet,Electronics,2,158.6,317.2,24.28
2024-12-23,West,Monitor,Accessories,9,1164.68,10482.15,686.44
2024-12-24,North,Smartphone,Electronics,9,222.86,2005.7,118.57
2024-12-24,South,Monitor,Accessories,8,1259.54,10076.3,801.0
2024-12-24,East,Laptop,Electronics,5,413.79,2068.95,155.46
2024-12-24,West,Keyboard,Accessories,2,944.23,1888.47,500.82
2024-12-25,North,Keyboard,Accessories,6,997.99,5987.94,823.64
2024-12-25,South,Keyboard,Accessories,5,194.27,971.34,234.72
2024-12-25,East,Tablet,Electronics,2,1456.61,2913.22,775.7
2024-12-25,West,Keyboard,Accessories,8,799.95,6399.63,1676.99
2024-12-26,North,Smartphone,Electronics,5,470.56,2352.82,236.14
2024-12-26,South,Tablet,Electronics,6,296.15,1776.91,131.33
2024-12-26,East,Smartphone,Electronics,5,214.28,1071.42,99.62
2024-12-26,West,Keyboard,Accessories,6,412.13,2472.77,335.85
2024-12-27,North,Smartphone,Electronics,8,860.87,6886.93,1230.59
2024-12-27,South,Monitor,Accessories,2,73.24,146.48,42.61
2024-12-27,East,Keyboard,Accessories,5,924.66,4623.29,323.3
2024-12-27,West,Keyboard,Accessories,7,1402.22,9815.55,1903.4
2024-12-28,North,Mouse,Accessories,9,639.3,5753.74,1553.28
2024-12-28,South,Keyboard,Accessories,4,954.08,3816.33,316.08
2024-12-28,East,Smartphone,Electronics,8,1367.8,10942.39,2627.27
2024-12-28,West,Tablet,Electronics,4,1146.85,4587.42,773.16
2024-12-29,North,Tablet,Electronics,5,1493.49,7467.45,1213.98
2024-12-29,South,Keyboard,Accessories,1,1477.75,1477.75,151.14
2024-12-29,East,Tablet,Electronics,4,1265.98,5063.93,1276.83
2024-12-29,West,Smartphone,Electronics,9,62.73,564.54,82.16
2024-12-30,North,Laptop,Electronics,9,830.63,7475.64,2080.53
2024-12-30,South,Mouse,Accessories,8,225.08,1800.66,529.83
2024-12-30,East,Smartphone,Electronics,7,1414.93,9904.54,2170.62
2024-12-30,West,Mouse,Accessories,6,449.57,2697.43,358.87
2024-12-31,North,Laptop,Electronics,8,1389.31,11114.51,3327.46
2024-12-31,South,Tablet,Electronics,9,391.6,3524.43,449.63
2024-12-31,East,Keyboard,Accessories,3,401.27,1203.82,121.43
2024-12-31,West,Mouse,Accessories,4,1381.86,5527.43,341.31
